Date,Content,Video title,Video publish time,Duration,Views
2026-06-30,0twyejm83AU,ทำไมแมลงเม่าไม่บินเข้ากองไฟ,"Aug 30, 2026",514,0
2026-07-01,0twyejm83AU,ทำไมแมลงเม่าไม่บินเข้ากองไฟ,"Aug 30, 2026",514,0
2026-07-02,0twyejm83AU,ทำไมแมลงเม่าไม่บินเข้ากองไฟ,"Aug 30, 2026",514,0
2026-07-03,0twyejm83AU,ทำไมแมลงเม่าไม่บินเข้ากองไฟ,"Aug 30, 2026",514,0
2026-07-04,0twyejm83AU,ทำไมแมลงเม่าไม่บินเข้ากองไฟ,"Aug 30, 2026",514,0
2026-07-05,0twyejm83AU,ทำไมแมลงเม่าไม่บินเข้ากองไฟ,"Aug 30, 2026",514,0
2026-07-06,0twyejm83AU,ทำไมแมลงเม่าไม่บินเข้ากองไฟ,"Aug 30, 2026",514,0
2026-07-07,0twyejm83AU,ทำไมแมลงเม่าไม่บินเข้ากองไฟ,"Aug 30, 2026",514,0
2026-07-08,0twyejm83AU,ทำไมแมลงเม่าไม่บินเข้ากองไฟ,"Aug 30, 2026",514,0
2026-07-09,0twyejm83AU,ทำไมแมลงเม่าไม่บินเข้ากองไฟ,"Aug 30, 2026",514,0
2026-07-10,0twyejm83AU,ทำไมแมลงเม่าไม่บินเข้ากองไฟ,"Aug 30, 2026",514,0
2026-07-11,0twyejm83AU,ทำไมแมลงเม่าไม่บินเข้ากองไฟ,"Aug 30, 2026",514,0
2026-07-12,0twyejm83AU,ทำไมแมลงเม่าไม่บินเข้ากองไฟ,"Aug 30, 2026",514,0
2026-07-13,0twyejm83AU,ทำไมแมลงเม่าไม่บินเข้ากองไฟ,"Aug 30, 2026",514,0
2026-07-14,0twyejm83AU,ทำไมแมลงเม่าไม่บินเข้ากองไฟ,"Aug 30, 2026",514,0
2026-07-15,0twyejm83AU,ทำไมแมลงเม่าไม่บินเข้ากองไฟ,"Aug 30, 2026",514,0
2026-07-16,0twyejm83AU,ทำไมแมลงเม่าไม่บินเข้ากองไฟ,"Aug 30, 2026",514,0
2026-07-17,0twyejm83AU,ทำไมแมลงเม่าไม่บินเข้ากองไฟ,"Aug 30, 2026",514,0
2026-07-18,0twyejm83AU,ทำไมแมลงเม่าไม่บินเข้ากองไฟ,"Aug 30, 2026",514,0
2026-07-19,0twyejm83AU,ทำไมแมลงเม่าไม่บินเข้ากองไฟ,"Aug 30, 2026",514,0
2026-07-20,0twyejm83AU,ทำไมแมลงเม่าไม่บินเข้ากองไฟ,"Aug 30, 2026",514,0
2026-07-21,0twyejm83AU,ทำไมแมลงเม่าไม่บินเข้ากองไฟ,"Aug 30, 2026",514,0
2026-07-22,0twyejm83AU,ทำไมแมลงเม่าไม่บินเข้ากองไฟ,"Aug 30, 2026",514,0
2026-07-23,0twyejm83AU,ทำไมแมลงเม่าไม่บินเข้ากองไฟ,"Aug 30, 2026",514,0
2026-07-24,0twyejm83AU,ทำไมแมลงเม่าไม่บินเข้ากองไฟ,"Aug 30, 2026",514,0
2026-07-25,0twyejm83AU,ทำไมแมลงเม่าไม่บินเข้ากองไฟ,"Aug 30, 2026",514,0
2026-07-26,0twyejm83AU,ทำไมแมลงเม่าไม่บินเข้ากองไฟ,"Aug 30, 2026",514,0
2026-07-27,0twyejm83AU,ทำไมแมลงเม่าไม่บินเข้ากองไฟ,"Aug 30, 2026",514,0
2026-07-28,0twyejm83AU,ทำไมแมลงเม่าไม่บินเข้ากองไฟ,"Aug 30, 2026",514,0
2026-07-29,0twyejm83AU,ทำไมแมลงเม่าไม่บินเข้ากองไฟ,"Aug 30, 2026",514,0
2026-07-30,0twyejm83AU,ทำไมแมลงเม่าไม่บินเข้ากองไฟ,"Aug 30, 2026",514,0
2026-07-31,0twyejm83AU,ทำไมแมลงเม่าไม่บินเข้ากองไฟ,"Aug 30, 2026",514,0
2026-08-01,0twyejm83AU,ทำไมแมลงเม่าไม่บินเข้ากองไฟ,"Aug 30, 2026",514,0
2026-08-02,0twyejm83AU,ทำไมแมลงเม่าไม่บินเข้ากองไฟ,"Aug 30, 2026",514,0
2026-08-03,0twyejm83AU,ทำไมแมลงเม่าไม่บินเข้ากองไฟ,"Aug 30, 2026",514,0
2026-08-04,0twyejm83AU,ทำไมแมลงเม่าไม่บินเข้ากองไฟ,"Aug 30, 2026",514,0
2026-08-05,0twyejm83AU,ทำไมแมลงเม่าไม่บินเข้ากองไฟ,"Aug 30, 2026",514,0
2026-08-06,0twyejm83AU,ทำไมแมลงเม่าไม่บินเข้ากองไฟ,"Aug 30, 2026",514,0
2026-08-07,0twyejm83AU,ทำไมแมลงเม่าไม่บินเข้ากองไฟ,"Aug 30, 2026",514,0
2026-08-08,0twyejm83AU,ทำไมแมลงเม่าไม่บินเข้ากองไฟ,"Aug 30, 2026",514,0
2026-08-09,0twyejm83AU,ทำไมแมลงเม่าไม่บินเข้ากองไฟ,"Aug 30, 2026",514,0
2026-08-10,0twyejm83AU,ทำไมแมลงเม่าไม่บินเข้ากองไฟ,"Aug 30, 2026",514,0
2026-08-11,0twyejm83AU,ทำไมแมลงเม่าไม่บินเข้ากองไฟ,"Aug 30, 2026",514,0
2026-08-12,0twyejm83AU,ทำไมแมลงเม่าไม่บินเข้ากองไฟ,"Aug 30, 2026",514,0
2026-08-13,0twyejm83AU,ทำไมแมลงเม่าไม่บินเข้ากองไฟ,"Aug 30, 2026",514,0
2026-08-14,0twyejm83AU,ทำไมแมลงเม่าไม่บินเข้ากองไฟ,"Aug 30, 2026",514,0
2026-08-15,0twyejm83AU,ทำไมแมลงเม่าไม่บินเข้ากองไฟ,"Aug 30, 2026",514,0
2026-08-16,0twyejm83AU,ทำไมแมลงเม่าไม่บินเข้ากองไฟ,"Aug 30, 2026",514,0
2026-08-17,0twyejm83AU,ทำไมแมลงเม่าไม่บินเข้ากองไฟ,"Aug 30, 2026",514,0
2026-08-18,0twyejm83AU,ทำไมแมลงเม่าไม่บินเข้ากองไฟ,"Aug 30, 2026",514,0
2026-08-19,0twyejm83AU,ทำไมแมลงเม่าไม่บินเข้ากองไฟ,"Aug 30, 2026",514,0
2026-08-20,0twyejm83AU,ทำไมแมลงเม่าไม่บินเข้ากองไฟ,"Aug 30, 2026",514,0
2026-08-21,0twyejm83AU,ทำไมแมลงเม่าไม่บินเข้ากองไฟ,"Aug 30, 2026",514,0
2026-08-22,0twyejm83AU,ทำไมแมลงเม่าไม่บินเข้ากองไฟ,"Aug 30, 2026",514,0
2026-08-23,0twyejm83AU,ทำไมแมลงเม่าไม่บินเข้ากองไฟ,"Aug 30, 2026",514,0
2026-08-24,0twyejm83AU,ทำไมแมลงเม่าไม่บินเข้ากองไฟ,"Aug 30, 2026",514,0
2026-08-25,0twyejm83AU,ทำไมแมลงเม่าไม่บินเข้ากองไฟ,"Aug 30, 2026",514,0
2026-08-26,0twyejm83AU,ทำไมแมลงเม่าไม่บินเข้ากองไฟ,"Aug 30, 2026",514,0
2026-08-27,0twyejm83AU,ทำไมแมลงเม่าไม่บินเข้ากองไฟ,"Aug 30, 2026",514,0
2026-08-28,0twyejm83AU,ทำไมแมลงเม่าไม่บินเข้ากองไฟ,"Aug 30, 2026",514,0
2026-08-29,0twyejm83AU,ทำไมแมลงเม่าไม่บินเข้ากองไฟ,"Aug 30, 2026",514,0
2026-08-30,0twyejm83AU,ทำไมแมลงเม่าไม่บินเข้ากองไฟ,"Aug 30, 2026",514,91
2026-08-31,0twyejm83AU,ทำไมแมลงเม่าไม่บินเข้ากองไฟ,"Aug 30, 2026",514,45
2026-09-01,0twyejm83AU,ทำไมแมลงเม่าไม่บินเข้ากองไฟ,"Aug 30, 2026",514,23
2026-09-02,0twyejm83AU,ทำไมแมลงเม่าไม่บินเข้ากองไฟ,"Aug 30, 2026",514,11
2026-09-03,0twyejm83AU,ทำไมแมลงเม่าไม่บินเข้ากองไฟ,"Aug 30, 2026",514,17
2026-09-04,0twyejm83AU,ทำไมแมลงเม่าไม่บินเข้ากองไฟ,"Aug 30, 2026",514,0
2026-09-05,0twyejm83AU,ทำไมแมลงเม่าไม่บินเข้ากองไฟ,"Aug 30, 2026",514,3
2026-09-06,0twyejm83AU,ทำไมแมลงเม่าไม่บินเข้ากองไฟ,"Aug 30, 2026",514,7
2026-09-07,0twyejm83AU,ทำไมแมลงเม่าไม่บินเข้ากองไฟ,"Aug 30, 2026",514,3
2026-09-08,0twyejm83AU,ทำไมแมลงเม่าไม่บินเข้ากองไฟ,"Aug 30, 2026",514,7
2026-09-09,0twyejm83AU,ทำไมแมลงเม่าไม่บินเข้ากองไฟ,"Aug 30, 2026",514,0
2026-09-10,0twyejm83AU,ทำไมแมลงเม่าไม่บินเข้ากองไฟ,"Aug 30, 2026",514,2
2026-09-11,0twyejm83AU,ทำไมแมลงเม่าไม่บินเข้ากองไฟ,"Aug 30, 2026",514,3
2026-09-12,0twyejm83AU,ทำไมแมลงเม่าไม่บินเข้ากองไฟ,"Aug 30, 2026",514,2
2026-09-13,0twyejm83AU,ทำไมแมลงเม่าไม่บินเข้ากองไฟ,"Aug 30, 2026",514,4
2026-09-14,0twyejm83AU,ทำไมแมลงเม่าไม่บินเข้ากองไฟ,"Aug 30, 2026",514,1
2026-09-15,0twyejm83AU,ทำไมแมลงเม่าไม่บินเข้ากองไฟ,"Aug 30, 2026",514,1
2026-09-16,0twyejm83AU,ทำไมแมลงเม่าไม่บินเข้ากองไฟ,"Aug 30, 2026",514,1
2026-09-17,0twyejm83AU,ทำไมแมลงเม่าไม่บินเข้ากองไฟ,"Aug 30, 2026",514,0
2026-09-18,0twyejm83AU,ทำไมแมลงเม่าไม่บินเข้ากองไฟ,"Aug 30, 2026",514,0
2026-09-19,0twyejm83AU,ทำไมแมลงเม่าไม่บินเข้ากองไฟ,"Aug 30, 2026",514,0
2026-09-20,0twyejm83AU,ทำไมแมลงเม่าไม่บินเข้ากองไฟ,"Aug 30, 2026",514,2
2026-09-21,0twyejm83AU,ทำไมแมลงเม่าไม่บินเข้ากองไฟ,"Aug 30, 2026",514,1
2026-09-22,0twyejm83AU,ทำไมแมลงเม่าไม่บินเข้ากองไฟ,"Aug 30, 2026",514,0
2026-09-23,0twyejm83AU,ทำไมแมลงเม่าไม่บินเข้ากองไฟ,"Aug 30, 2026",514,0
2026-09-24,0twyejm83AU,ทำไมแมลงเม่าไม่บินเข้ากองไฟ,"Aug 30, 2026",514,0
2026-09-25,0twyejm83AU,ทำไมแมลงเม่าไม่บินเข้ากองไฟ,"Aug 30, 2026",514,0
2026-09-26,0twyejm83AU,ทำไมแมลงเม่าไม่บินเข้ากองไฟ,"Aug 30, 2026",514,0
2026-09-27,0twyejm83AU,ทำไมแมลงเม่าไม่บินเข้ากองไฟ,"Aug 30, 2026",514,1
2026-06-30,IzVSu3ivA5k,ทำไมคุณเกรงใจคนทั้งโลก แต่ใจร้ายกับคนที่รักที่สุด,"Aug 15, 2026",585,0
2026-07-01,IzVSu3ivA5k,ทำไมคุณเกรงใจคนทั้งโลก แต่ใจร้ายกับคนที่รักที่สุด,"Aug 15, 2026",585,0
2026-07-02,IzVSu3ivA5k,ทำไมคุณเกรงใจคนทั้งโลก แต่ใจร้ายกับคนที่รักที่สุด,"Aug 15, 2026",585,0
2026-07-03,IzVSu3ivA5k,ทำไมคุณเกรงใจคนทั้งโลก แต่ใจร้ายกับคนที่รักที่สุด,"Aug 15, 2026",585,0
2026-07-04,IzVSu3ivA5k,ทำไมคุณเกรงใจคนทั้งโลก แต่ใจร้ายกับคนที่รักที่สุด,"Aug 15, 2026",585,0
2026-07-05,IzVSu3ivA5k,ทำไมคุณเกรงใจคนทั้งโลก แต่ใจร้ายกับคนที่รักที่สุด,"Aug 15, 2026",585,0
2026-07-06,IzVSu3ivA5k,ทำไมคุณเกรงใจคนทั้งโลก แต่ใจร้ายกับคนที่รักที่สุด,"Aug 15, 2026",585,0
2026-07-07,IzVSu3ivA5k,ทำไมคุณเกรงใจคนทั้งโลก แต่ใจร้ายกับคนที่รักที่สุด,"Aug 15, 2026",585,0
2026-07-08,IzVSu3ivA5k,ทำไมคุณเกรงใจคนทั้งโลก แต่ใจร้ายกับคนที่รักที่สุด,"Aug 15, 2026",585,0
2026-07-09,IzVSu3ivA5k,ทำไมคุณเกรงใจคนทั้งโลก แต่ใจร้ายกับคนที่รักที่สุด,"Aug 15, 2026",585,0
2026-07-10,IzVSu3ivA5k,ทำไมคุณเกรงใจคนทั้งโลก แต่ใจร้ายกับคนที่รักที่สุด,"Aug 15, 2026",585,0
2026-07-11,IzVSu3ivA5k,ทำไมคุณเกรงใจคนทั้งโลก แต่ใจร้ายกับคนที่รักที่สุด,"Aug 15, 2026",585,0
2026-07-12,IzVSu3ivA5k,ทำไมคุณเกรงใจคนทั้งโลก แต่ใจร้ายกับคนที่รักที่สุด,"Aug 15, 2026",585,0
2026-07-13,IzVSu3ivA5k,ทำไมคุณเกรงใจคนทั้งโลก แต่ใจร้ายกับคนที่รักที่สุด,"Aug 15, 2026",585,0
2026-07-14,IzVSu3ivA5k,ทำไมคุณเกรงใจคนทั้งโลก แต่ใจร้ายกับคนที่รักที่สุด,"Aug 15, 2026",585,0
2026-07-15,IzVSu3ivA5k,ทำไมคุณเกรงใจคนทั้งโลก แต่ใจร้ายกับคนที่รักที่สุด,"Aug 15, 2026",585,0
2026-07-16,IzVSu3ivA5k,ทำไมคุณเกรงใจคนทั้งโลก แต่ใจร้ายกับคนที่รักที่สุด,"Aug 15, 2026",585,0
2026-07-17,IzVSu3ivA5k,ทำไมคุณเกรงใจคนทั้งโลก แต่ใจร้ายกับคนที่รักที่สุด,"Aug 15, 2026",585,0
2026-07-18,IzVSu3ivA5k,ทำไมคุณเกรงใจคนทั้งโลก แต่ใจร้ายกับคนที่รักที่สุด,"Aug 15, 2026",585,0
2026-07-19,IzVSu3ivA5k,ทำไมคุณเกรงใจคนทั้งโลก แต่ใจร้ายกับคนที่รักที่สุด,"Aug 15, 2026",585,0
2026-07-20,IzVSu3ivA5k,ทำไมคุณเกรงใจคนทั้งโลก แต่ใจร้ายกับคนที่รักที่สุด,"Aug 15, 2026",585,0
2026-07-21,IzVSu3ivA5k,ทำไมคุณเกรงใจคนทั้งโลก แต่ใจร้ายกับคนที่รักที่สุด,"Aug 15, 2026",585,0
2026-07-22,IzVSu3ivA5k,ทำไมคุณเกรงใจคนทั้งโลก แต่ใจร้ายกับคนที่รักที่สุด,"Aug 15, 2026",585,0
2026-07-23,IzVSu3ivA5k,ทำไมคุณเกรงใจคนทั้งโลก แต่ใจร้ายกับคนที่รักที่สุด,"Aug 15, 2026",585,0
2026-07-24,IzVSu3ivA5k,ทำไมคุณเกรงใจคนทั้งโลก แต่ใจร้ายกับคนที่รักที่สุด,"Aug 15, 2026",585,0
2026-07-25,IzVSu3ivA5k,ทำไมคุณเกรงใจคนทั้งโลก แต่ใจร้ายกับคนที่รักที่สุด,"Aug 15, 2026",585,0
2026-07-26,IzVSu3ivA5k,ทำไมคุณเกรงใจคนทั้งโลก แต่ใจร้ายกับคนที่รักที่สุด,"Aug 15, 2026",585,0
2026-07-27,IzVSu3ivA5k,ทำไมคุณเกรงใจคนทั้งโลก แต่ใจร้ายกับคนที่รักที่สุด,"Aug 15, 2026",585,0
2026-07-28,IzVSu3ivA5k,ทำไมคุณเกรงใจคนทั้งโลก แต่ใจร้ายกับคนที่รักที่สุด,"Aug 15, 2026",585,0
2026-07-29,IzVSu3ivA5k,ทำไมคุณเกรงใจคนทั้งโลก แต่ใจร้ายกับคนที่รักที่สุด,"Aug 15, 2026",585,0
2026-07-30,IzVSu3ivA5k,ทำไมคุณเกรงใจคนทั้งโลก แต่ใจร้ายกับคนที่รักที่สุด,"Aug 15, 2026",585,0
2026-07-31,IzVSu3ivA5k,ทำไมคุณเกรงใจคนทั้งโลก แต่ใจร้ายกับคนที่รักที่สุด,"Aug 15, 2026",585,0
2026-08-01,IzVSu3ivA5k,ทำไมคุณเกรงใจคนทั้งโลก แต่ใจร้ายกับคนที่รักที่สุด,"Aug 15, 2026",585,0
2026-08-02,IzVSu3ivA5k,ทำไมคุณเกรงใจคนทั้งโลก แต่ใจร้ายกับคนที่รักที่สุด,"Aug 15, 2026",585,0
2026-08-03,IzVSu3ivA5k,ทำไมคุณเกรงใจคนทั้งโลก แต่ใจร้ายกับคนที่รักที่สุด,"Aug 15, 2026",585,0
2026-08-04,IzVSu3ivA5k,ทำไมคุณเกรงใจคนทั้งโลก แต่ใจร้ายกับคนที่รักที่สุด,"Aug 15, 2026",585,0
2026-08-05,IzVSu3ivA5k,ทำไมคุณเกรงใจคนทั้งโลก แต่ใจร้ายกับคนที่รักที่สุด,"Aug 15, 2026",585,0
2026-08-06,IzVSu3ivA5k,ทำไมคุณเกรงใจคนทั้งโลก แต่ใจร้ายกับคนที่รักที่สุด,"Aug 15, 2026",585,0
2026-08-07,IzVSu3ivA5k,ทำไมคุณเกรงใจคนทั้งโลก แต่ใจร้ายกับคนที่รักที่สุด,"Aug 15, 2026",585,0
2026-08-08,IzVSu3ivA5k,ทำไมคุณเกรงใจคนทั้งโลก แต่ใจร้ายกับคนที่รักที่สุด,"Aug 15, 2026",585,0
2026-08-09,IzVSu3ivA5k,ทำไมคุณเกรงใจคนทั้งโลก แต่ใจร้ายกับคนที่รักที่สุด,"Aug 15, 2026",585,0
2026-08-10,IzVSu3ivA5k,ทำไมคุณเกรงใจคนทั้งโลก แต่ใจร้ายกับคนที่รักที่สุด,"Aug 15, 2026",585,0
2026-08-11,IzVSu3ivA5k,ทำไมคุณเกรงใจคนทั้งโลก แต่ใจร้ายกับคนที่รักที่สุด,"Aug 15, 2026",585,0
2026-08-12,IzVSu3ivA5k,ทำไมคุณเกรงใจคนทั้งโลก แต่ใจร้ายกับคนที่รักที่สุด,"Aug 15, 2026",585,0
2026-08-13,IzVSu3ivA5k,ทำไมคุณเกรงใจคนทั้งโลก แต่ใจร้ายกับคนที่รักที่สุด,"Aug 15, 2026",585,0
2026-08-14,IzVSu3ivA5k,ทำไมคุณเกรงใจคนทั้งโลก แต่ใจร้ายกับคนที่รักที่สุด,"Aug 15, 2026",585,1
2026-08-15,IzVSu3ivA5k,ทำไมคุณเกรงใจคนทั้งโลก แต่ใจร้ายกับคนที่รักที่สุด,"Aug 15, 2026",585,63
2026-08-16,IzVSu3ivA5k,ทำไมคุณเกรงใจคนทั้งโลก แต่ใจร้ายกับคนที่รักที่สุด,"Aug 15, 2026",585,30
2026-08-17,IzVSu3ivA5k,ทำไมคุณเกรงใจคนทั้งโลก แต่ใจร้ายกับคนที่รักที่สุด,"Aug 15, 2026",585,48
2026-08-18,IzVSu3ivA5k,ทำไมคุณเกรงใจคนทั้งโลก แต่ใจร้ายกับคนที่รักที่สุด,"Aug 15, 2026",585,46
2026-08-19,IzVSu3ivA5k,ทำไมคุณเกรงใจคนทั้งโลก แต่ใจร้ายกับคนที่รักที่สุด,"Aug 15, 2026",585,38
2026-08-20,IzVSu3ivA5k,ทำไมคุณเกรงใจคนทั้งโลก แต่ใจร้ายกับคนที่รักที่สุด,"Aug 15, 2026",585,14
2026-08-21,IzVSu3ivA5k,ทำไมคุณเกรงใจคนทั้งโลก แต่ใจร้ายกับคนที่รักที่สุด,"Aug 15, 2026",585,8
2026-08-22,IzVSu3ivA5k,ทำไมคุณเกรงใจคนทั้งโลก แต่ใจร้ายกับคนที่รักที่สุด,"Aug 15, 2026",585,7
2026-08-23,IzVSu3ivA5k,ทำไมคุณเกรงใจคนทั้งโลก แต่ใจร้ายกับคนที่รักที่สุด,"Aug 15, 2026",585,5
2026-08-24,IzVSu3ivA5k,ทำไมคุณเกรงใจคนทั้งโลก แต่ใจร้ายกับคนที่รักที่สุด,"Aug 15, 2026",585,6
2026-08-25,IzVSu3ivA5k,ทำไมคุณเกรงใจคนทั้งโลก แต่ใจร้ายกับคนที่รักที่สุด,"Aug 15, 2026",585,5
2026-08-26,IzVSu3ivA5k,ทำไมคุณเกรงใจคนทั้งโลก แต่ใจร้ายกับคนที่รักที่สุด,"Aug 15, 2026",585,6
2026-08-27,IzVSu3ivA5k,ทำไมคุณเกรงใจคนทั้งโลก แต่ใจร้ายกับคนที่รักที่สุด,"Aug 15, 2026",585,7
2026-08-28,IzVSu3ivA5k,ทำไมคุณเกรงใจคนทั้งโลก แต่ใจร้ายกับคนที่รักที่สุด,"Aug 15, 2026",585,2
2026-08-29,IzVSu3ivA5k,ทำไมคุณเกรงใจคนทั้งโลก แต่ใจร้ายกับคนที่รักที่สุด,"Aug 15, 2026",585,5
2026-08-30,IzVSu3ivA5k,ทำไมคุณเกรงใจคนทั้งโลก แต่ใจร้ายกับคนที่รักที่สุด,"Aug 15, 2026",585,10
2026-08-31,IzVSu3ivA5k,ทำไมคุณเกรงใจคนทั้งโลก แต่ใจร้ายกับคนที่รักที่สุด,"Aug 15, 2026",585,8
2026-09-01,IzVSu3ivA5k,ทำไมคุณเกรงใจคนทั้งโลก แต่ใจร้ายกับคนที่รักที่สุด,"Aug 15, 2026",585,2
2026-09-02,IzVSu3ivA5k,ทำไมคุณเกรงใจคนทั้งโลก แต่ใจร้ายกับคนที่รักที่สุด,"Aug 15, 2026",585,3
2026-09-03,IzVSu3ivA5k,ทำไมคุณเกรงใจคนทั้งโลก แต่ใจร้ายกับคนที่รักที่สุด,"Aug 15, 2026",585,1
2026-09-04,IzVSu3ivA5k,ทำไมคุณเกรงใจคนทั้งโลก แต่ใจร้ายกับคนที่รักที่สุด,"Aug 15, 2026",585,0
2026-09-05,IzVSu3ivA5k,ทำไมคุณเกรงใจคนทั้งโลก แต่ใจร้ายกับคนที่รักที่สุด,"Aug 15, 2026",585,1
2026-09-06,IzVSu3ivA5k,ทำไมคุณเกรงใจคนทั้งโลก แต่ใจร้ายกับคนที่รักที่สุด,"Aug 15, 2026",585,2
2026-09-07,IzVSu3ivA5k,ทำไมคุณเกรงใจคนทั้งโลก แต่ใจร้ายกับคนที่รักที่สุด,"Aug 15, 2026",585,2
2026-09-08,IzVSu3ivA5k,ทำไมคุณเกรงใจคนทั้งโลก แต่ใจร้ายกับคนที่รักที่สุด,"Aug 15, 2026",585,4
2026-09-09,IzVSu3ivA5k,ทำไมคุณเกรงใจคนทั้งโลก แต่ใจร้ายกับคนที่รักที่สุด,"Aug 15, 2026",585,2
2026-09-10,IzVSu3ivA5k,ทำไมคุณเกรงใจคนทั้งโลก แต่ใจร้ายกับคนที่รักที่สุด,"Aug 15, 2026",585,2
2026-09-11,IzVSu3ivA5k,ทำไมคุณเกรงใจคนทั้งโลก แต่ใจร้ายกับคนที่รักที่สุด,"Aug 15, 2026",585,3
2026-09-12,IzVSu3ivA5k,ทำไมคุณเกรงใจคนทั้งโลก แต่ใจร้ายกับคนที่รักที่สุด,"Aug 15, 2026",585,0
2026-09-13,IzVSu3ivA5k,ทำไมคุณเกรงใจคนทั้งโลก แต่ใจร้ายกับคนที่รักที่สุด,"Aug 15, 2026",585,1
2026-09-14,IzVSu3ivA5k,ทำไมคุณเกรงใจคนทั้งโลก แต่ใจร้ายกับคนที่รักที่สุด,"Aug 15, 2026",585,4
2026-09-15,IzVSu3ivA5k,ทำไมคุณเกรงใจคนทั้งโลก แต่ใจร้ายกับคนที่รักที่สุด,"Aug 15, 2026",585,0
2026-09-16,IzVSu3ivA5k,ทำไมคุณเกรงใจคนทั้งโลก แต่ใจร้ายกับคนที่รักที่สุด,"Aug 15, 2026",585,2
2026-09-17,IzVSu3ivA5k,ทำไมคุณเกรงใจคนทั้งโลก แต่ใจร้ายกับคนที่รักที่สุด,"Aug 15, 2026",585,15
2026-09-18,IzVSu3ivA5k,ทำไมคุณเกรงใจคนทั้งโลก แต่ใจร้ายกับคนที่รักที่สุด,"Aug 15, 2026",585,4
2026-09-19,IzVSu3ivA5k,ทำไมคุณเกรงใจคนทั้งโลก แต่ใจร้ายกับคนที่รักที่สุด,"Aug 15, 2026",585,6
2026-09-20,IzVSu3ivA5k,ทำไมคุณเกรงใจคนทั้งโลก แต่ใจร้ายกับคนที่รักที่สุด,"Aug 15, 2026",585,3
2026-09-21,IzVSu3ivA5k,ทำไมคุณเกรงใจคนทั้งโลก แต่ใจร้ายกับคนที่รักที่สุด,"Aug 15, 2026",585,4
2026-09-22,IzVSu3ivA5k,ทำไมคุณเกรงใจคนทั้งโลก แต่ใจร้ายกับคนที่รักที่สุด,"Aug 15, 2026",585,7
2026-09-23,IzVSu3ivA5k,ทำไมคุณเกรงใจคนทั้งโลก แต่ใจร้ายกับคนที่รักที่สุด,"Aug 15, 2026",585,5
2026-09-24,IzVSu3ivA5k,ทำไมคุณเกรงใจคนทั้งโลก แต่ใจร้ายกับคนที่รักที่สุด,"Aug 15, 2026",585,3
2026-09-25,IzVSu3ivA5k,ทำไมคุณเกรงใจคนทั้งโลก แต่ใจร้ายกับคนที่รักที่สุด,"Aug 15, 2026",585,1
2026-09-26,IzVSu3ivA5k,ทำไมคุณเกรงใจคนทั้งโลก แต่ใจร้ายกับคนที่รักที่สุด,"Aug 15, 2026",585,3
2026-09-27,IzVSu3ivA5k,ทำไมคุณเกรงใจคนทั้งโลก แต่ใจร้ายกับคนที่รักที่สุด,"Aug 15, 2026",585,4
2026-06-30,lcrVh38YIVc,เป็นไปได้ยังไงที่คอยีราฟ มีกระดูกเท่าคอคุณ,"Aug 15, 2026",515,0
2026-07-01,lcrVh38YIVc,เป็นไปได้ยังไงที่คอยีราฟ มีกระดูกเท่าคอคุณ,"Aug 15, 2026",515,0
2026-07-02,lcrVh38YIVc,เป็นไปได้ยังไงที่คอยีราฟ มีกระดูกเท่าคอคุณ,"Aug 15, 2026",515,0
2026-07-03,lcrVh38YIVc,เป็นไปได้ยังไงที่คอยีราฟ มีกระดูกเท่าคอคุณ,"Aug 15, 2026",515,0
2026-07-04,lcrVh38YIVc,เป็นไปได้ยังไงที่คอยีราฟ มีกระดูกเท่าคอคุณ,"Aug 15, 2026",515,0
2026-07-05,lcrVh38YIVc,เป็นไปได้ยังไงที่คอยีราฟ มีกระดูกเท่าคอคุณ,"Aug 15, 2026",515,0
2026-07-06,lcrVh38YIVc,เป็นไปได้ยังไงที่คอยีราฟ มีกระดูกเท่าคอคุณ,"Aug 15, 2026",515,0
2026-07-07,lcrVh38YIVc,เป็นไปได้ยังไงที่คอยีราฟ มีกระดูกเท่าคอคุณ,"Aug 15, 2026",515,0
2026-07-08,lcrVh38YIVc,เป็นไปได้ยังไงที่คอยีราฟ มีกระดูกเท่าคอคุณ,"Aug 15, 2026",515,0
2026-07-09,lcrVh38YIVc,เป็นไปได้ยังไงที่คอยีราฟ มีกระดูกเท่าคอคุณ,"Aug 15, 2026",515,0
2026-07-10,lcrVh38YIVc,เป็นไปได้ยังไงที่คอยีราฟ มีกระดูกเท่าคอคุณ,"Aug 15, 2026",515,0
2026-07-11,lcrVh38YIVc,เป็นไปได้ยังไงที่คอยีราฟ มีกระดูกเท่าคอคุณ,"Aug 15, 2026",515,0
2026-07-12,lcrVh38YIVc,เป็นไปได้ยังไงที่คอยีราฟ มีกระดูกเท่าคอคุณ,"Aug 15, 2026",515,0
2026-07-13,lcrVh38YIVc,เป็นไปได้ยังไงที่คอยีราฟ มีกระดูกเท่าคอคุณ,"Aug 15, 2026",515,0
2026-07-14,lcrVh38YIVc,เป็นไปได้ยังไงที่คอยีราฟ มีกระดูกเท่าคอคุณ,"Aug 15, 2026",515,0
2026-07-15,lcrVh38YIVc,เป็นไปได้ยังไงที่คอยีราฟ มีกระดูกเท่าคอคุณ,"Aug 15, 2026",515,0
2026-07-16,lcrVh38YIVc,เป็นไปได้ยังไงที่คอยีราฟ มีกระดูกเท่าคอคุณ,"Aug 15, 2026",515,0
2026-07-17,lcrVh38YIVc,เป็นไปได้ยังไงที่คอยีราฟ มีกระดูกเท่าคอคุณ,"Aug 15, 2026",515,0
2026-07-18,lcrVh38YIVc,เป็นไปได้ยังไงที่คอยีราฟ มีกระดูกเท่าคอคุณ,"Aug 15, 2026",515,0
2026-07-19,lcrVh38YIVc,เป็นไปได้ยังไงที่คอยีราฟ มีกระดูกเท่าคอคุณ,"Aug 15, 2026",515,0
2026-07-20,lcrVh38YIVc,เป็นไปได้ยังไงที่คอยีราฟ มีกระดูกเท่าคอคุณ,"Aug 15, 2026",515,0
2026-07-21,lcrVh38YIVc,เป็นไปได้ยังไงที่คอยีราฟ มีกระดูกเท่าคอคุณ,"Aug 15, 2026",515,0
2026-07-22,lcrVh38YIVc,เป็นไปได้ยังไงที่คอยีราฟ มีกระดูกเท่าคอคุณ,"Aug 15, 2026",515,0
2026-07-23,lcrVh38YIVc,เป็นไปได้ยังไงที่คอยีราฟ มีกระดูกเท่าคอคุณ,"Aug 15, 2026",515,0
2026-07-24,lcrVh38YIVc,เป็นไปได้ยังไงที่คอยีราฟ มีกระดูกเท่าคอคุณ,"Aug 15, 2026",515,0
2026-07-25,lcrVh38YIVc,เป็นไปได้ยังไงที่คอยีราฟ มีกระดูกเท่าคอคุณ,"Aug 15, 2026",515,0
2026-07-26,lcrVh38YIVc,เป็นไปได้ยังไงที่คอยีราฟ มีกระดูกเท่าคอคุณ,"Aug 15, 2026",515,0
2026-07-27,lcrVh38YIVc,เป็นไปได้ยังไงที่คอยีราฟ มีกระดูกเท่าคอคุณ,"Aug 15, 2026",515,0
2026-07-28,lcrVh38YIVc,เป็นไปได้ยังไงที่คอยีราฟ มีกระดูกเท่าคอคุณ,"Aug 15, 2026",515,0
2026-07-29,lcrVh38YIVc,เป็นไปได้ยังไงที่คอยีราฟ มีกระดูกเท่าคอคุณ,"Aug 15, 2026",515,0
2026-07-30,lcrVh38YIVc,เป็นไปได้ยังไงที่คอยีราฟ มีกระดูกเท่าคอคุณ,"Aug 15, 2026",515,0
2026-07-31,lcrVh38YIVc,เป็นไปได้ยังไงที่คอยีราฟ มีกระดูกเท่าคอคุณ,"Aug 15, 2026",515,0
2026-08-01,lcrVh38YIVc,เป็นไปได้ยังไงที่คอยีราฟ มีกระดูกเท่าคอคุณ,"Aug 15, 2026",515,0
2026-08-02,lcrVh38YIVc,เป็นไปได้ยังไงที่คอยีราฟ มีกระดูกเท่าคอคุณ,"Aug 15, 2026",515,0
2026-08-03,lcrVh38YIVc,เป็นไปได้ยังไงที่คอยีราฟ มีกระดูกเท่าคอคุณ,"Aug 15, 2026",515,0
2026-08-04,lcrVh38YIVc,เป็นไปได้ยังไงที่คอยีราฟ มีกระดูกเท่าคอคุณ,"Aug 15, 2026",515,0
2026-08-05,lcrVh38YIVc,เป็นไปได้ยังไงที่คอยีราฟ มีกระดูกเท่าคอคุณ,"Aug 15, 2026",515,0
2026-08-06,lcrVh38YIVc,เป็นไปได้ยังไงที่คอยีราฟ มีกระดูกเท่าคอคุณ,"Aug 15, 2026",515,0
2026-08-07,lcrVh38YIVc,เป็นไปได้ยังไงที่คอยีราฟ มีกระดูกเท่าคอคุณ,"Aug 15, 2026",515,0
2026-08-08,lcrVh38YIVc,เป็นไปได้ยังไงที่คอยีราฟ มีกระดูกเท่าคอคุณ,"Aug 15, 2026",515,0
2026-08-09,lcrVh38YIVc,เป็นไปได้ยังไงที่คอยีราฟ มีกระดูกเท่าคอคุณ,"Aug 15, 2026",515,0
2026-08-10,lcrVh38YIVc,เป็นไปได้ยังไงที่คอยีราฟ มีกระดูกเท่าคอคุณ,"Aug 15, 2026",515,1
2026-08-11,lcrVh38YIVc,เป็นไปได้ยังไงที่คอยีราฟ มีกระดูกเท่าคอคุณ,"Aug 15, 2026",515,1
2026-08-12,lcrVh38YIVc,เป็นไปได้ยังไงที่คอยีราฟ มีกระดูกเท่าคอคุณ,"Aug 15, 2026",515,0
2026-08-13,lcrVh38YIVc,เป็นไปได้ยังไงที่คอยีราฟ มีกระดูกเท่าคอคุณ,"Aug 15, 2026",515,0
2026-08-14,lcrVh38YIVc,เป็นไปได้ยังไงที่คอยีราฟ มีกระดูกเท่าคอคุณ,"Aug 15, 2026",515,1
2026-08-15,lcrVh38YIVc,เป็นไปได้ยังไงที่คอยีราฟ มีกระดูกเท่าคอคุณ,"Aug 15, 2026",515,122
2026-08-16,lcrVh38YIVc,เป็นไปได้ยังไงที่คอยีราฟ มีกระดูกเท่าคอคุณ,"Aug 15, 2026",515,73
2026-08-17,lcrVh38YIVc,เป็นไปได้ยังไงที่คอยีราฟ มีกระดูกเท่าคอคุณ,"Aug 15, 2026",515,179
2026-08-18,lcrVh38YIVc,เป็นไปได้ยังไงที่คอยีราฟ มีกระดูกเท่าคอคุณ,"Aug 15, 2026",515,104
2026-08-19,lcrVh38YIVc,เป็นไปได้ยังไงที่คอยีราฟ มีกระดูกเท่าคอคุณ,"Aug 15, 2026",515,160
2026-08-20,lcrVh38YIVc,เป็นไปได้ยังไงที่คอยีราฟ มีกระดูกเท่าคอคุณ,"Aug 15, 2026",515,73
2026-08-21,lcrVh38YIVc,เป็นไปได้ยังไงที่คอยีราฟ มีกระดูกเท่าคอคุณ,"Aug 15, 2026",515,5
2026-08-22,lcrVh38YIVc,เป็นไปได้ยังไงที่คอยีราฟ มีกระดูกเท่าคอคุณ,"Aug 15, 2026",515,2
2026-08-23,lcrVh38YIVc,เป็นไปได้ยังไงที่คอยีราฟ มีกระดูกเท่าคอคุณ,"Aug 15, 2026",515,2
2026-08-24,lcrVh38YIVc,เป็นไปได้ยังไงที่คอยีราฟ มีกระดูกเท่าคอคุณ,"Aug 15, 2026",515,1
2026-08-25,lcrVh38YIVc,เป็นไปได้ยังไงที่คอยีราฟ มีกระดูกเท่าคอคุณ,"Aug 15, 2026",515,0
2026-08-26,lcrVh38YIVc,เป็นไปได้ยังไงที่คอยีราฟ มีกระดูกเท่าคอคุณ,"Aug 15, 2026",515,1
2026-08-27,lcrVh38YIVc,เป็นไปได้ยังไงที่คอยีราฟ มีกระดูกเท่าคอคุณ,"Aug 15, 2026",515,5
2026-08-28,lcrVh38YIVc,เป็นไปได้ยังไงที่คอยีราฟ มีกระดูกเท่าคอคุณ,"Aug 15, 2026",515,1
2026-08-29,lcrVh38YIVc,เป็นไปได้ยังไงที่คอยีราฟ มีกระดูกเท่าคอคุณ,"Aug 15, 2026",515,2
2026-08-30,lcrVh38YIVc,เป็นไปได้ยังไงที่คอยีราฟ มีกระดูกเท่าคอคุณ,"Aug 15, 2026",515,0
2026-08-31,lcrVh38YIVc,เป็นไปได้ยังไงที่คอยีราฟ มีกระดูกเท่าคอคุณ,"Aug 15, 2026",515,0
2026-09-01,lcrVh38YIVc,เป็นไปได้ยังไงที่คอยีราฟ มีกระดูกเท่าคอคุณ,"Aug 15, 2026",515,4
2026-09-02,lcrVh38YIVc,เป็นไปได้ยังไงที่คอยีราฟ มีกระดูกเท่าคอคุณ,"Aug 15, 2026",515,8
2026-09-03,lcrVh38YIVc,เป็นไปได้ยังไงที่คอยีราฟ มีกระดูกเท่าคอคุณ,"Aug 15, 2026",515,6
2026-09-04,lcrVh38YIVc,เป็นไปได้ยังไงที่คอยีราฟ มีกระดูกเท่าคอคุณ,"Aug 15, 2026",515,0
2026-09-05,lcrVh38YIVc,เป็นไปได้ยังไงที่คอยีราฟ มีกระดูกเท่าคอคุณ,"Aug 15, 2026",515,1
2026-09-06,lcrVh38YIVc,เป็นไปได้ยังไงที่คอยีราฟ มีกระดูกเท่าคอคุณ,"Aug 15, 2026",515,0
2026-09-07,lcrVh38YIVc,เป็นไปได้ยังไงที่คอยีราฟ มีกระดูกเท่าคอคุณ,"Aug 15, 2026",515,0
2026-09-08,lcrVh38YIVc,เป็นไปได้ยังไงที่คอยีราฟ มีกระดูกเท่าคอคุณ,"Aug 15, 2026",515,0
2026-09-09,lcrVh38YIVc,เป็นไปได้ยังไงที่คอยีราฟ มีกระดูกเท่าคอคุณ,"Aug 15, 2026",515,0
2026-09-10,lcrVh38YIVc,เป็นไปได้ยังไงที่คอยีราฟ มีกระดูกเท่าคอคุณ,"Aug 15, 2026",515,0
2026-09-11,lcrVh38YIVc,เป็นไปได้ยังไงที่คอยีราฟ มีกระดูกเท่าคอคุณ,"Aug 15, 2026",515,0
2026-09-12,lcrVh38YIVc,เป็นไปได้ยังไงที่คอยีราฟ มีกระดูกเท่าคอคุณ,"Aug 15, 2026",515,1
2026-09-13,lcrVh38YIVc,เป็นไปได้ยังไงที่คอยีราฟ มีกระดูกเท่าคอคุณ,"Aug 15, 2026",515,0
2026-09-14,lcrVh38YIVc,เป็นไปได้ยังไงที่คอยีราฟ มีกระดูกเท่าคอคุณ,"Aug 15, 2026",515,2
2026-09-15,lcrVh38YIVc,เป็นไปได้ยังไงที่คอยีราฟ มีกระดูกเท่าคอคุณ,"Aug 15, 2026",515,0
2026-09-16,lcrVh38YIVc,เป็นไปได้ยังไงที่คอยีราฟ มีกระดูกเท่าคอคุณ,"Aug 15, 2026",515,1
2026-09-17,lcrVh38YIVc,เป็นไปได้ยังไงที่คอยีราฟ มีกระดูกเท่าคอคุณ,"Aug 15, 2026",515,3
2026-09-18,lcrVh38YIVc,เป็นไปได้ยังไงที่คอยีราฟ มีกระดูกเท่าคอคุณ,"Aug 15, 2026",515,4
2026-09-19,lcrVh38YIVc,เป็นไปได้ยังไงที่คอยีราฟ มีกระดูกเท่าคอคุณ,"Aug 15, 2026",515,2
2026-09-20,lcrVh38YIVc,เป็นไปได้ยังไงที่คอยีราฟ มีกระดูกเท่าคอคุณ,"Aug 15, 2026",515,1
2026-09-21,lcrVh38YIVc,เป็นไปได้ยังไงที่คอยีราฟ มีกระดูกเท่าคอคุณ,"Aug 15, 2026",515,1
2026-09-22,lcrVh38YIVc,เป็นไปได้ยังไงที่คอยีราฟ มีกระดูกเท่าคอคุณ,"Aug 15, 2026",515,0
2026-09-23,lcrVh38YIVc,เป็นไปได้ยังไงที่คอยีราฟ มีกระดูกเท่าคอคุณ,"Aug 15, 2026",515,1
2026-09-24,lcrVh38YIVc,เป็นไปได้ยังไงที่คอยีราฟ มีกระดูกเท่าคอคุณ,"Aug 15, 2026",515,0
2026-09-25,lcrVh38YIVc,เป็นไปได้ยังไงที่คอยีราฟ มีกระดูกเท่าคอคุณ,"Aug 15, 2026",515,1
2026-09-26,lcrVh38YIVc,เป็นไปได้ยังไงที่คอยีราฟ มีกระดูกเท่าคอคุณ,"Aug 15, 2026",515,2
2026-09-27,lcrVh38YIVc,เป็นไปได้ยังไงที่คอยีราฟ มีกระดูกเท่าคอคุณ,"Aug 15, 2026",515,1
2026-06-30,wIaAjZrZDJQ,ทำไมคืนแรก คุณถึงหลับไม่ลง,"Aug 9, 2026",585,0
2026-07-01,wIaAjZrZDJQ,ทำไมคืนแรก คุณถึงหลับไม่ลง,"Aug 9, 2026",585,0
2026-07-02,wIaAjZrZDJQ,ทำไมคืนแรก คุณถึงหลับไม่ลง,"Aug 9, 2026",585,0
2026-07-03,wIaAjZrZDJQ,ทำไมคืนแรก คุณถึงหลับไม่ลง,"Aug 9, 2026",585,0
2026-07-04,wIaAjZrZDJQ,ทำไมคืนแรก คุณถึงหลับไม่ลง,"Aug 9, 2026",585,0
2026-07-05,wIaAjZrZDJQ,ทำไมคืนแรก คุณถึงหลับไม่ลง,"Aug 9, 2026",585,0
2026-07-06,wIaAjZrZDJQ,ทำไมคืนแรก คุณถึงหลับไม่ลง,"Aug 9, 2026",585,0
2026-07-07,wIaAjZrZDJQ,ทำไมคืนแรก คุณถึงหลับไม่ลง,"Aug 9, 2026",585,0
2026-07-08,wIaAjZrZDJQ,ทำไมคืนแรก คุณถึงหลับไม่ลง,"Aug 9, 2026",585,0
2026-07-09,wIaAjZrZDJQ,ทำไมคืนแรก คุณถึงหลับไม่ลง,"Aug 9, 2026",585,0
2026-07-10,wIaAjZrZDJQ,ทำไมคืนแรก คุณถึงหลับไม่ลง,"Aug 9, 2026",585,0
2026-07-11,wIaAjZrZDJQ,ทำไมคืนแรก คุณถึงหลับไม่ลง,"Aug 9, 2026",585,0
2026-07-12,wIaAjZrZDJQ,ทำไมคืนแรก คุณถึงหลับไม่ลง,"Aug 9, 2026",585,0
2026-07-13,wIaAjZrZDJQ,ทำไมคืนแรก คุณถึงหลับไม่ลง,"Aug 9, 2026",585,0
2026-07-14,wIaAjZrZDJQ,ทำไมคืนแรก คุณถึงหลับไม่ลง,"Aug 9, 2026",585,0
2026-07-15,wIaAjZrZDJQ,ทำไมคืนแรก คุณถึงหลับไม่ลง,"Aug 9, 2026",585,0
2026-07-16,wIaAjZrZDJQ,ทำไมคืนแรก คุณถึงหลับไม่ลง,"Aug 9, 2026",585,0
2026-07-17,wIaAjZrZDJQ,ทำไมคืนแรก คุณถึงหลับไม่ลง,"Aug 9, 2026",585,0
2026-07-18,wIaAjZrZDJQ,ทำไมคืนแรก คุณถึงหลับไม่ลง,"Aug 9, 2026",585,0
2026-07-19,wIaAjZrZDJQ,ทำไมคืนแรก คุณถึงหลับไม่ลง,"Aug 9, 2026",585,0
2026-07-20,wIaAjZrZDJQ,ทำไมคืนแรก คุณถึงหลับไม่ลง,"Aug 9, 2026",585,0
2026-07-21,wIaAjZrZDJQ,ทำไมคืนแรก คุณถึงหลับไม่ลง,"Aug 9, 2026",585,0
2026-07-22,wIaAjZrZDJQ,ทำไมคืนแรก คุณถึงหลับไม่ลง,"Aug 9, 2026",585,0
2026-07-23,wIaAjZrZDJQ,ทำไมคืนแรก คุณถึงหลับไม่ลง,"Aug 9, 2026",585,0
2026-07-24,wIaAjZrZDJQ,ทำไมคืนแรก คุณถึงหลับไม่ลง,"Aug 9, 2026",585,0
2026-07-25,wIaAjZrZDJQ,ทำไมคืนแรก คุณถึงหลับไม่ลง,"Aug 9, 2026",585,0
2026-07-26,wIaAjZrZDJQ,ทำไมคืนแรก คุณถึงหลับไม่ลง,"Aug 9, 2026",585,0
2026-07-27,wIaAjZrZDJQ,ทำไมคืนแรก คุณถึงหลับไม่ลง,"Aug 9, 2026",585,0
2026-07-28,wIaAjZrZDJQ,ทำไมคืนแรก คุณถึงหลับไม่ลง,"Aug 9, 2026",585,0
2026-07-29,wIaAjZrZDJQ,ทำไมคืนแรก คุณถึงหลับไม่ลง,"Aug 9, 2026",585,0
2026-07-30,wIaAjZrZDJQ,ทำไมคืนแรก คุณถึงหลับไม่ลง,"Aug 9, 2026",585,0
2026-07-31,wIaAjZrZDJQ,ทำไมคืนแรก คุณถึงหลับไม่ลง,"Aug 9, 2026",585,0
2026-08-01,wIaAjZrZDJQ,ทำไมคืนแรก คุณถึงหลับไม่ลง,"Aug 9, 2026",585,0
2026-08-02,wIaAjZrZDJQ,ทำไมคืนแรก คุณถึงหลับไม่ลง,"Aug 9, 2026",585,0
2026-08-03,wIaAjZrZDJQ,ทำไมคืนแรก คุณถึงหลับไม่ลง,"Aug 9, 2026",585,0
2026-08-04,wIaAjZrZDJQ,ทำไมคืนแรก คุณถึงหลับไม่ลง,"Aug 9, 2026",585,0
2026-08-05,wIaAjZrZDJQ,ทำไมคืนแรก คุณถึงหลับไม่ลง,"Aug 9, 2026",585,0
2026-08-06,wIaAjZrZDJQ,ทำไมคืนแรก คุณถึงหลับไม่ลง,"Aug 9, 2026",585,0
2026-08-07,wIaAjZrZDJQ,ทำไมคืนแรก คุณถึงหลับไม่ลง,"Aug 9, 2026",585,0
2026-08-08,wIaAjZrZDJQ,ทำไมคืนแรก คุณถึงหลับไม่ลง,"Aug 9, 2026",585,2
2026-08-09,wIaAjZrZDJQ,ทำไมคืนแรก คุณถึงหลับไม่ลง,"Aug 9, 2026",585,124
2026-08-10,wIaAjZrZDJQ,ทำไมคืนแรก คุณถึงหลับไม่ลง,"Aug 9, 2026",585,6
2026-08-11,wIaAjZrZDJQ,ทำไมคืนแรก คุณถึงหลับไม่ลง,"Aug 9, 2026",585,1
2026-08-12,wIaAjZrZDJQ,ทำไมคืนแรก คุณถึงหลับไม่ลง,"Aug 9, 2026",585,3
2026-08-13,wIaAjZrZDJQ,ทำไมคืนแรก คุณถึงหลับไม่ลง,"Aug 9, 2026",585,0
2026-08-14,wIaAjZrZDJQ,ทำไมคืนแรก คุณถึงหลับไม่ลง,"Aug 9, 2026",585,1
2026-08-15,wIaAjZrZDJQ,ทำไมคืนแรก คุณถึงหลับไม่ลง,"Aug 9, 2026",585,4
2026-08-16,wIaAjZrZDJQ,ทำไมคืนแรก คุณถึงหลับไม่ลง,"Aug 9, 2026",585,9
2026-08-17,wIaAjZrZDJQ,ทำไมคืนแรก คุณถึงหลับไม่ลง,"Aug 9, 2026",585,3
2026-08-18,wIaAjZrZDJQ,ทำไมคืนแรก คุณถึงหลับไม่ลง,"Aug 9, 2026",585,2
2026-08-19,wIaAjZrZDJQ,ทำไมคืนแรก คุณถึงหลับไม่ลง,"Aug 9, 2026",585,2
2026-08-20,wIaAjZrZDJQ,ทำไมคืนแรก คุณถึงหลับไม่ลง,"Aug 9, 2026",585,3
2026-08-21,wIaAjZrZDJQ,ทำไมคืนแรก คุณถึงหลับไม่ลง,"Aug 9, 2026",585,0
2026-08-22,wIaAjZrZDJQ,ทำไมคืนแรก คุณถึงหลับไม่ลง,"Aug 9, 2026",585,0
2026-08-23,wIaAjZrZDJQ,ทำไมคืนแรก คุณถึงหลับไม่ลง,"Aug 9, 2026",585,0
2026-08-24,wIaAjZrZDJQ,ทำไมคืนแรก คุณถึงหลับไม่ลง,"Aug 9, 2026",585,0
2026-08-25,wIaAjZrZDJQ,ทำไมคืนแรก คุณถึงหลับไม่ลง,"Aug 9, 2026",585,0
2026-08-26,wIaAjZrZDJQ,ทำไมคืนแรก คุณถึงหลับไม่ลง,"Aug 9, 2026",585,0
2026-08-27,wIaAjZrZDJQ,ทำไมคืนแรก คุณถึงหลับไม่ลง,"Aug 9, 2026",585,0
2026-08-28,wIaAjZrZDJQ,ทำไมคืนแรก คุณถึงหลับไม่ลง,"Aug 9, 2026",585,0
2026-08-29,wIaAjZrZDJQ,ทำไมคืนแรก คุณถึงหลับไม่ลง,"Aug 9, 2026",585,1
2026-08-30,wIaAjZrZDJQ,ทำไมคืนแรก คุณถึงหลับไม่ลง,"Aug 9, 2026",585,1
2026-08-31,wIaAjZrZDJQ,ทำไมคืนแรก คุณถึงหลับไม่ลง,"Aug 9, 2026",585,0
2026-09-01,wIaAjZrZDJQ,ทำไมคืนแรก คุณถึงหลับไม่ลง,"Aug 9, 2026",585,0
2026-09-02,wIaAjZrZDJQ,ทำไมคืนแรก คุณถึงหลับไม่ลง,"Aug 9, 2026",585,1
2026-09-03,wIaAjZrZDJQ,ทำไมคืนแรก คุณถึงหลับไม่ลง,"Aug 9, 2026",585,0
2026-09-04,wIaAjZrZDJQ,ทำไมคืนแรก คุณถึงหลับไม่ลง,"Aug 9, 2026",585,0
2026-09-05,wIaAjZrZDJQ,ทำไมคืนแรก คุณถึงหลับไม่ลง,"Aug 9, 2026",585,2
2026-09-06,wIaAjZrZDJQ,ทำไมคืนแรก คุณถึงหลับไม่ลง,"Aug 9, 2026",585,1
2026-09-07,wIaAjZrZDJQ,ทำไมคืนแรก คุณถึงหลับไม่ลง,"Aug 9, 2026",585,0
2026-09-08,wIaAjZrZDJQ,ทำไมคืนแรก คุณถึงหลับไม่ลง,"Aug 9, 2026",585,0
2026-09-09,wIaAjZrZDJQ,ทำไมคืนแรก คุณถึงหลับไม่ลง,"Aug 9, 2026",585,1
2026-09-10,wIaAjZrZDJQ,ทำไมคืนแรก คุณถึงหลับไม่ลง,"Aug 9, 2026",585,1
2026-09-11,wIaAjZrZDJQ,ทำไมคืนแรก คุณถึงหลับไม่ลง,"Aug 9, 2026",585,1
2026-09-12,wIaAjZrZDJQ,ทำไมคืนแรก คุณถึงหลับไม่ลง,"Aug 9, 2026",585,0
2026-09-13,wIaAjZrZDJQ,ทำไมคืนแรก คุณถึงหลับไม่ลง,"Aug 9, 2026",585,0
2026-09-14,wIaAjZrZDJQ,ทำไมคืนแรก คุณถึงหลับไม่ลง,"Aug 9, 2026",585,0
2026-09-15,wIaAjZrZDJQ,ทำไมคืนแรก คุณถึงหลับไม่ลง,"Aug 9, 2026",585,0
2026-09-16,wIaAjZrZDJQ,ทำไมคืนแรก คุณถึงหลับไม่ลง,"Aug 9, 2026",585,0
2026-09-17,wIaAjZrZDJQ,ทำไมคืนแรก คุณถึงหลับไม่ลง,"Aug 9, 2026",585,0
2026-09-18,wIaAjZrZDJQ,ทำไมคืนแรก คุณถึงหลับไม่ลง,"Aug 9, 2026",585,0
2026-09-19,wIaAjZrZDJQ,ทำไมคืนแรก คุณถึงหลับไม่ลง,"Aug 9, 2026",585,0
2026-09-20,wIaAjZrZDJQ,ทำไมคืนแรก คุณถึงหลับไม่ลง,"Aug 9, 2026",585,1
2026-09-21,wIaAjZrZDJQ,ทำไมคืนแรก คุณถึงหลับไม่ลง,"Aug 9, 2026",585,1
2026-09-22,wIaAjZrZDJQ,ทำไมคืนแรก คุณถึงหลับไม่ลง,"Aug 9, 2026",585,0
2026-09-23,wIaAjZrZDJQ,ทำไมคืนแรก คุณถึงหลับไม่ลง,"Aug 9, 2026",585,1
2026-09-24,wIaAjZrZDJQ,ทำไมคืนแรก คุณถึงหลับไม่ลง,"Aug 9, 2026",585,2
2026-09-25,wIaAjZrZDJQ,ทำไมคืนแรก คุณถึงหลับไม่ลง,"Aug 9, 2026",585,0
2026-09-26,wIaAjZrZDJQ,ทำไมคืนแรก คุณถึงหลับไม่ลง,"Aug 9, 2026",585,1
2026-09-27,wIaAjZrZDJQ,ทำไมคืนแรก คุณถึงหลับไม่ลง,"Aug 9, 2026",585,1
2026-06-30,ygE_2SIBc2U,ทำไมลายนิ้วมือคุณไม่ได้มีไว้จับของ,"Sep 19, 2026",484,0
2026-07-01,ygE_2SIBc2U,ทำไมลายนิ้วมือคุณไม่ได้มีไว้จับของ,"Sep 19, 2026",484,0
2026-07-02,ygE_2SIBc2U,ทำไมลายนิ้วมือคุณไม่ได้มีไว้จับของ,"Sep 19, 2026",484,0
2026-07-03,ygE_2SIBc2U,ทำไมลายนิ้วมือคุณไม่ได้มีไว้จับของ,"Sep 19, 2026",484,0
2026-07-04,ygE_2SIBc2U,ทำไมลายนิ้วมือคุณไม่ได้มีไว้จับของ,"Sep 19, 2026",484,0
2026-07-05,ygE_2SIBc2U,ทำไมลายนิ้วมือคุณไม่ได้มีไว้จับของ,"Sep 19, 2026",484,0
2026-07-06,ygE_2SIBc2U,ทำไมลายนิ้วมือคุณไม่ได้มีไว้จับของ,"Sep 19, 2026",484,0
2026-07-07,ygE_2SIBc2U,ทำไมลายนิ้วมือคุณไม่ได้มีไว้จับของ,"Sep 19, 2026",484,0
2026-07-08,ygE_2SIBc2U,ทำไมลายนิ้วมือคุณไม่ได้มีไว้จับของ,"Sep 19, 2026",484,0
2026-07-09,ygE_2SIBc2U,ทำไมลายนิ้วมือคุณไม่ได้มีไว้จับของ,"Sep 19, 2026",484,0
2026-07-10,ygE_2SIBc2U,ทำไมลายนิ้วมือคุณไม่ได้มีไว้จับของ,"Sep 19, 2026",484,0
2026-07-11,ygE_2SIBc2U,ทำไมลายนิ้วมือคุณไม่ได้มีไว้จับของ,"Sep 19, 2026",484,0
2026-07-12,ygE_2SIBc2U,ทำไมลายนิ้วมือคุณไม่ได้มีไว้จับของ,"Sep 19, 2026",484,0
2026-07-13,ygE_2SIBc2U,ทำไมลายนิ้วมือคุณไม่ได้มีไว้จับของ,"Sep 19, 2026",484,0
2026-07-14,ygE_2SIBc2U,ทำไมลายนิ้วมือคุณไม่ได้มีไว้จับของ,"Sep 19, 2026",484,0
2026-07-15,ygE_2SIBc2U,ทำไมลายนิ้วมือคุณไม่ได้มีไว้จับของ,"Sep 19, 2026",484,0
2026-07-16,ygE_2SIBc2U,ทำไมลายนิ้วมือคุณไม่ได้มีไว้จับของ,"Sep 19, 2026",484,0
2026-07-17,ygE_2SIBc2U,ทำไมลายนิ้วมือคุณไม่ได้มีไว้จับของ,"Sep 19, 2026",484,0
2026-07-18,ygE_2SIBc2U,ทำไมลายนิ้วมือคุณไม่ได้มีไว้จับของ,"Sep 19, 2026",484,0
2026-07-19,ygE_2SIBc2U,ทำไมลายนิ้วมือคุณไม่ได้มีไว้จับของ,"Sep 19, 2026",484,0
2026-07-20,ygE_2SIBc2U,ทำไมลายนิ้วมือคุณไม่ได้มีไว้จับของ,"Sep 19, 2026",484,0
2026-07-21,ygE_2SIBc2U,ทำไมลายนิ้วมือคุณไม่ได้มีไว้จับของ,"Sep 19, 2026",484,0
2026-07-22,ygE_2SIBc2U,ทำไมลายนิ้วมือคุณไม่ได้มีไว้จับของ,"Sep 19, 2026",484,0
2026-07-23,ygE_2SIBc2U,ทำไมลายนิ้วมือคุณไม่ได้มีไว้จับของ,"Sep 19, 2026",484,0
2026-07-24,ygE_2SIBc2U,ทำไมลายนิ้วมือคุณไม่ได้มีไว้จับของ,"Sep 19, 2026",484,0
2026-07-25,ygE_2SIBc2U,ทำไมลายนิ้วมือคุณไม่ได้มีไว้จับของ,"Sep 19, 2026",484,0
2026-07-26,ygE_2SIBc2U,ทำไมลายนิ้วมือคุณไม่ได้มีไว้จับของ,"Sep 19, 2026",484,0
2026-07-27,ygE_2SIBc2U,ทำไมลายนิ้วมือคุณไม่ได้มีไว้จับของ,"Sep 19, 2026",484,0
2026-07-28,ygE_2SIBc2U,ทำไมลายนิ้วมือคุณไม่ได้มีไว้จับของ,"Sep 19, 2026",484,0
2026-07-29,ygE_2SIBc2U,ทำไมลายนิ้วมือคุณไม่ได้มีไว้จับของ,"Sep 19, 2026",484,0
2026-07-30,ygE_2SIBc2U,ทำไมลายนิ้วมือคุณไม่ได้มีไว้จับของ,"Sep 19, 2026",484,0
2026-07-31,ygE_2SIBc2U,ทำไมลายนิ้วมือคุณไม่ได้มีไว้จับของ,"Sep 19, 2026",484,0
2026-08-01,ygE_2SIBc2U,ทำไมลายนิ้วมือคุณไม่ได้มีไว้จับของ,"Sep 19, 2026",484,0
2026-08-02,ygE_2SIBc2U,ทำไมลายนิ้วมือคุณไม่ได้มีไว้จับของ,"Sep 19, 2026",484,0
2026-08-03,ygE_2SIBc2U,ทำไมลายนิ้วมือคุณไม่ได้มีไว้จับของ,"Sep 19, 2026",484,0
2026-08-04,ygE_2SIBc2U,ทำไมลายนิ้วมือคุณไม่ได้มีไว้จับของ,"Sep 19, 2026",484,0
2026-08-05,ygE_2SIBc2U,ทำไมลายนิ้วมือคุณไม่ได้มีไว้จับของ,"Sep 19, 2026",484,0
2026-08-06,ygE_2SIBc2U,ทำไมลายนิ้วมือคุณไม่ได้มีไว้จับของ,"Sep 19, 2026",484,0
2026-08-07,ygE_2SIBc2U,ทำไมลายนิ้วมือคุณไม่ได้มีไว้จับของ,"Sep 19, 2026",484,0
2026-08-08,ygE_2SIBc2U,ทำไมลายนิ้วมือคุณไม่ได้มีไว้จับของ,"Sep 19, 2026",484,0
2026-08-09,ygE_2SIBc2U,ทำไมลายนิ้วมือคุณไม่ได้มีไว้จับของ,"Sep 19, 2026",484,0
2026-08-10,ygE_2SIBc2U,ทำไมลายนิ้วมือคุณไม่ได้มีไว้จับของ,"Sep 19, 2026",484,0
2026-08-11,ygE_2SIBc2U,ทำไมลายนิ้วมือคุณไม่ได้มีไว้จับของ,"Sep 19, 2026",484,0
2026-08-12,ygE_2SIBc2U,ทำไมลายนิ้วมือคุณไม่ได้มีไว้จับของ,"Sep 19, 2026",484,0
2026-08-13,ygE_2SIBc2U,ทำไมลายนิ้วมือคุณไม่ได้มีไว้จับของ,"Sep 19, 2026",484,0
2026-08-14,ygE_2SIBc2U,ทำไมลายนิ้วมือคุณไม่ได้มีไว้จับของ,"Sep 19, 2026",484,0
2026-08-15,ygE_2SIBc2U,ทำไมลายนิ้วมือคุณไม่ได้มีไว้จับของ,"Sep 19, 2026",484,0
2026-08-16,ygE_2SIBc2U,ทำไมลายนิ้วมือคุณไม่ได้มีไว้จับของ,"Sep 19, 2026",484,0
2026-08-17,ygE_2SIBc2U,ทำไมลายนิ้วมือคุณไม่ได้มีไว้จับของ,"Sep 19, 2026",484,0
2026-08-18,ygE_2SIBc2U,ทำไมลายนิ้วมือคุณไม่ได้มีไว้จับของ,"Sep 19, 2026",484,0
2026-08-19,ygE_2SIBc2U,ทำไมลายนิ้วมือคุณไม่ได้มีไว้จับของ,"Sep 19, 2026",484,0
2026-08-20,ygE_2SIBc2U,ทำไมลายนิ้วมือคุณไม่ได้มีไว้จับของ,"Sep 19, 2026",484,0
2026-08-21,ygE_2SIBc2U,ทำไมลายนิ้วมือคุณไม่ได้มีไว้จับของ,"Sep 19, 2026",484,0
2026-08-22,ygE_2SIBc2U,ทำไมลายนิ้วมือคุณไม่ได้มีไว้จับของ,"Sep 19, 2026",484,0
2026-08-23,ygE_2SIBc2U,ทำไมลายนิ้วมือคุณไม่ได้มีไว้จับของ,"Sep 19, 2026",484,0
2026-08-24,ygE_2SIBc2U,ทำไมลายนิ้วมือคุณไม่ได้มีไว้จับของ,"Sep 19, 2026",484,0
2026-08-25,ygE_2SIBc2U,ทำไมลายนิ้วมือคุณไม่ได้มีไว้จับของ,"Sep 19, 2026",484,0
2026-08-26,ygE_2SIBc2U,ทำไมลายนิ้วมือคุณไม่ได้มีไว้จับของ,"Sep 19, 2026",484,0
2026-08-27,ygE_2SIBc2U,ทำไมลายนิ้วมือคุณไม่ได้มีไว้จับของ,"Sep 19, 2026",484,0
2026-08-28,ygE_2SIBc2U,ทำไมลายนิ้วมือคุณไม่ได้มีไว้จับของ,"Sep 19, 2026",484,0
2026-08-29,ygE_2SIBc2U,ทำไมลายนิ้วมือคุณไม่ได้มีไว้จับของ,"Sep 19, 2026",484,0
2026-08-30,ygE_2SIBc2U,ทำไมลายนิ้วมือคุณไม่ได้มีไว้จับของ,"Sep 19, 2026",484,0
2026-08-31,ygE_2SIBc2U,ทำไมลายนิ้วมือคุณไม่ได้มีไว้จับของ,"Sep 19, 2026",484,0
2026-09-01,ygE_2SIBc2U,ทำไมลายนิ้วมือคุณไม่ได้มีไว้จับของ,"Sep 19, 2026",484,0
2026-09-02,ygE_2SIBc2U,ทำไมลายนิ้วมือคุณไม่ได้มีไว้จับของ,"Sep 19, 2026",484,0
2026-09-03,ygE_2SIBc2U,ทำไมลายนิ้วมือคุณไม่ได้มีไว้จับของ,"Sep 19, 2026",484,0
2026-09-04,ygE_2SIBc2U,ทำไมลายนิ้วมือคุณไม่ได้มีไว้จับของ,"Sep 19, 2026",484,0
2026-09-05,ygE_2SIBc2U,ทำไมลายนิ้วมือคุณไม่ได้มีไว้จับของ,"Sep 19, 2026",484,0
2026-09-06,ygE_2SIBc2U,ทำไมลายนิ้วมือคุณไม่ได้มีไว้จับของ,"Sep 19, 2026",484,0
2026-09-07,ygE_2SIBc2U,ทำไมลายนิ้วมือคุณไม่ได้มีไว้จับของ,"Sep 19, 2026",484,0
2026-09-08,ygE_2SIBc2U,ทำไมลายนิ้วมือคุณไม่ได้มีไว้จับของ,"Sep 19, 2026",484,0
2026-09-09,ygE_2SIBc2U,ทำไมลายนิ้วมือคุณไม่ได้มีไว้จับของ,"Sep 19, 2026",484,0
2026-09-10,ygE_2SIBc2U,ทำไมลายนิ้วมือคุณไม่ได้มีไว้จับของ,"Sep 19, 2026",484,0
2026-09-11,ygE_2SIBc2U,ทำไมลายนิ้วมือคุณไม่ได้มีไว้จับของ,"Sep 19, 2026",484,0
2026-09-12,ygE_2SIBc2U,ทำไมลายนิ้วมือคุณไม่ได้มีไว้จับของ,"Sep 19, 2026",484,0
2026-09-13,ygE_2SIBc2U,ทำไมลายนิ้วมือคุณไม่ได้มีไว้จับของ,"Sep 19, 2026",484,0
2026-09-14,ygE_2SIBc2U,ทำไมลายนิ้วมือคุณไม่ได้มีไว้จับของ,"Sep 19, 2026",484,0
2026-09-15,ygE_2SIBc2U,ทำไมลายนิ้วมือคุณไม่ได้มีไว้จับของ,"Sep 19, 2026",484,0
2026-09-16,ygE_2SIBc2U,ทำไมลายนิ้วมือคุณไม่ได้มีไว้จับของ,"Sep 19, 2026",484,0
2026-09-17,ygE_2SIBc2U,ทำไมลายนิ้วมือคุณไม่ได้มีไว้จับของ,"Sep 19, 2026",484,0
2026-09-18,ygE_2SIBc2U,ทำไมลายนิ้วมือคุณไม่ได้มีไว้จับของ,"Sep 19, 2026",484,0
2026-09-19,ygE_2SIBc2U,ทำไมลายนิ้วมือคุณไม่ได้มีไว้จับของ,"Sep 19, 2026",484,2
2026-09-20,ygE_2SIBc2U,ทำไมลายนิ้วมือคุณไม่ได้มีไว้จับของ,"Sep 19, 2026",484,148
2026-09-21,ygE_2SIBc2U,ทำไมลายนิ้วมือคุณไม่ได้มีไว้จับของ,"Sep 19, 2026",484,427
2026-09-22,ygE_2SIBc2U,ทำไมลายนิ้วมือคุณไม่ได้มีไว้จับของ,"Sep 19, 2026",484,339
2026-09-23,ygE_2SIBc2U,ทำไมลายนิ้วมือคุณไม่ได้มีไว้จับของ,"Sep 19, 2026",484,2
2026-09-24,ygE_2SIBc2U,ทำไมลายนิ้วมือคุณไม่ได้มีไว้จับของ,"Sep 19, 2026",484,0
2026-09-25,ygE_2SIBc2U,ทำไมลายนิ้วมือคุณไม่ได้มีไว้จับของ,"Sep 19, 2026",484,0
2026-09-26,ygE_2SIBc2U,ทำไมลายนิ้วมือคุณไม่ได้มีไว้จับของ,"Sep 19, 2026",484,3
2026-09-27,ygE_2SIBc2U,ทำไมลายนิ้วมือคุณไม่ได้มีไว้จับของ,"Sep 19, 2026",484,0
