Content,Video title,Video publish time,Duration,Views,Watch time (hours),Subscribers,Thumbnail impressions,Thumbnail click-through rate (%)
Total,,,,2831,103.6271,24,74682,1.99
ygE_2SIBc2U,ทำไมลายนิ้วมือคุณไม่ได้มีไว้จับของ,"Sep 19, 2026",484,921,8.8852,1,4748,3.22
lcrVh38YIVc,เป็นไปได้ยังไงที่คอยีราฟ มีกระดูกเท่าคอคุณ,"Aug 15, 2026",515,772,41.6297,6,24870,2.37
IzVSu3ivA5k,ทำไมคุณเกรงใจคนทั้งโลก แต่ใจร้ายกับคนที่รักที่สุด,"Aug 15, 2026",585,393,24.617,4,11703,2.37
0twyejm83AU,ทำไมแมลงเม่าไม่บินเข้ากองไฟ,"Aug 30, 2026",514,225,4.0359,0,7347,1.32
wIaAjZrZDJQ,ทำไมคืนแรก คุณถึงหลับไม่ลง,"Aug 9, 2026",585,176,10.2679,3,6800,2.06
nPVTI1dnN0A,ทำไมหูคุณพยายามหันไปหาเสียง,"Sep 26, 2026",488,120,4.643,1,5222,1.65
jdr1hPgTRDQ,ทำไมนกหลับบนสายไฟแล้วไม่ตก,"Sep 5, 2026",497,72,3.7123,1,4315,1.04
gJHon05aJFY,คุณไม่ได้ใจร้าย — สมองคุณแค่กำลังซ้อมหนีตาย,"Aug 8, 2026",554,65,2.8078,0,3954,1.24
2tk2JagbOp8,ทำไมคุณบรรยายกลิ่นไม่ได้,"Sep 20, 2026",530,49,1.6906,0,2793,1.15
hzn1Bj74xXY,ทำไมคุณจับโกหกได้ แต่จับขโมยไม่ได้,"Aug 22, 2026",511,37,1.182,0,2932,0.72
