Date,Traffic source,Views
2026-06-30,Direct or unknown,0
2026-07-01,Direct or unknown,0
2026-07-02,Direct or unknown,0
2026-07-03,Direct or unknown,0
2026-07-04,Direct or unknown,0
2026-07-05,Direct or unknown,0
2026-07-06,Direct or unknown,0
2026-07-07,Direct or unknown,0
2026-07-08,Direct or unknown,0
2026-07-09,Direct or unknown,0
2026-07-10,Direct or unknown,0
2026-07-11,Direct or unknown,0
2026-07-12,Direct or unknown,0
2026-07-13,Direct or unknown,0
2026-07-14,Direct or unknown,0
2026-07-15,Direct or unknown,0
2026-07-16,Direct or unknown,0
2026-07-17,Direct or unknown,0
2026-07-18,Direct or unknown,0
2026-07-19,Direct or unknown,0
2026-07-20,Direct or unknown,0
2026-07-21,Direct or unknown,0
2026-07-22,Direct or unknown,0
2026-07-23,Direct or unknown,0
2026-07-24,Direct or unknown,0
2026-07-25,Direct or unknown,0
2026-07-26,Direct or unknown,0
2026-07-27,Direct or unknown,0
2026-07-28,Direct or unknown,0
2026-07-29,Direct or unknown,0
2026-07-30,Direct or unknown,0
2026-07-31,Direct or unknown,0
2026-08-01,Direct or unknown,0
2026-08-02,Direct or unknown,0
2026-08-03,Direct or unknown,0
2026-08-04,Direct or unknown,0
2026-08-05,Direct or unknown,0
2026-08-06,Direct or unknown,1
2026-08-07,Direct or unknown,0
2026-08-08,Direct or unknown,3
2026-08-09,Direct or unknown,1
2026-08-10,Direct or unknown,2
2026-08-11,Direct or unknown,0
2026-08-12,Direct or unknown,2
2026-08-13,Direct or unknown,0
2026-08-14,Direct or unknown,1
2026-08-15,Direct or unknown,2
2026-08-16,Direct or unknown,2
2026-08-17,Direct or unknown,1
2026-08-18,Direct or unknown,3
2026-08-19,Direct or unknown,1
2026-08-20,Direct or unknown,2
2026-08-21,Direct or unknown,0
2026-08-22,Direct or unknown,0
2026-08-23,Direct or unknown,0
2026-08-24,Direct or unknown,0
2026-08-25,Direct or unknown,0
2026-08-26,Direct or unknown,0
2026-08-27,Direct or unknown,0
2026-08-28,Direct or unknown,0
2026-08-29,Direct or unknown,0
2026-08-30,Direct or unknown,4
2026-08-31,Direct or unknown,0
2026-09-01,Direct or unknown,0
2026-09-02,Direct or unknown,1
2026-09-03,Direct or unknown,0
2026-09-04,Direct or unknown,0
2026-09-05,Direct or unknown,0
2026-09-06,Direct or unknown,1
2026-09-07,Direct or unknown,0
2026-09-08,Direct or unknown,0
2026-09-09,Direct or unknown,0
2026-09-10,Direct or unknown,0
2026-09-11,Direct or unknown,0
2026-09-12,Direct or unknown,1
2026-09-13,Direct or unknown,1
2026-09-14,Direct or unknown,0
2026-09-15,Direct or unknown,0
2026-09-16,Direct or unknown,0
2026-09-17,Direct or unknown,5
2026-09-18,Direct or unknown,1
2026-09-19,Direct or unknown,1
2026-09-20,Direct or unknown,2
2026-09-21,Direct or unknown,2
2026-09-22,Direct or unknown,0
2026-09-23,Direct or unknown,0
2026-09-24,Direct or unknown,1
2026-09-25,Direct or unknown,0
2026-09-26,Direct or unknown,0
2026-09-27,Direct or unknown,1
2026-06-30,Browse features,0
2026-07-01,Browse features,0
2026-07-02,Browse features,0
2026-07-03,Browse features,0
2026-07-04,Browse features,0
2026-07-05,Browse features,0
2026-07-06,Browse features,0
2026-07-07,Browse features,0
2026-07-08,Browse features,0
2026-07-09,Browse features,0
2026-07-10,Browse features,0
2026-07-11,Browse features,0
2026-07-12,Browse features,0
2026-07-13,Browse features,0
2026-07-14,Browse features,0
2026-07-15,Browse features,0
2026-07-16,Browse features,0
2026-07-17,Browse features,0
2026-07-18,Browse features,0
2026-07-19,Browse features,0
2026-07-20,Browse features,0
2026-07-21,Browse features,0
2026-07-22,Browse features,0
2026-07-23,Browse features,0
2026-07-24,Browse features,0
2026-07-25,Browse features,0
2026-07-26,Browse features,0
2026-07-27,Browse features,0
2026-07-28,Browse features,0
2026-07-29,Browse features,0
2026-07-30,Browse features,0
2026-07-31,Browse features,0
2026-08-01,Browse features,0
2026-08-02,Browse features,0
2026-08-03,Browse features,0
2026-08-04,Browse features,0
2026-08-05,Browse features,0
2026-08-06,Browse features,0
2026-08-07,Browse features,0
2026-08-08,Browse features,3
2026-08-09,Browse features,4
2026-08-10,Browse features,2
2026-08-11,Browse features,0
2026-08-12,Browse features,1
2026-08-13,Browse features,0
2026-08-14,Browse features,1
2026-08-15,Browse features,8
2026-08-16,Browse features,26
2026-08-17,Browse features,127
2026-08-18,Browse features,112
2026-08-19,Browse features,165
2026-08-20,Browse features,60
2026-08-21,Browse features,2
2026-08-22,Browse features,6
2026-08-23,Browse features,2
2026-08-24,Browse features,2
2026-08-25,Browse features,2
2026-08-26,Browse features,2
2026-08-27,Browse features,6
2026-08-28,Browse features,1
2026-08-29,Browse features,4
2026-08-30,Browse features,11
2026-08-31,Browse features,43
2026-09-01,Browse features,29
2026-09-02,Browse features,17
2026-09-03,Browse features,23
2026-09-04,Browse features,1
2026-09-05,Browse features,7
2026-09-06,Browse features,2
2026-09-07,Browse features,2
2026-09-08,Browse features,5
2026-09-09,Browse features,0
2026-09-10,Browse features,2
2026-09-11,Browse features,0
2026-09-12,Browse features,1
2026-09-13,Browse features,2
2026-09-14,Browse features,3
2026-09-15,Browse features,1
2026-09-16,Browse features,1
2026-09-17,Browse features,1
2026-09-18,Browse features,1
2026-09-19,Browse features,3
2026-09-20,Browse features,152
2026-09-21,Browse features,427
2026-09-22,Browse features,337
2026-09-23,Browse features,3
2026-09-24,Browse features,0
2026-09-25,Browse features,0
2026-09-26,Browse features,7
2026-09-27,Browse features,12
2026-06-30,Channel pages,0
2026-07-01,Channel pages,0
2026-07-02,Channel pages,0
2026-07-03,Channel pages,0
2026-07-04,Channel pages,0
2026-07-05,Channel pages,0
2026-07-06,Channel pages,0
2026-07-07,Channel pages,0
2026-07-08,Channel pages,0
2026-07-09,Channel pages,0
2026-07-10,Channel pages,0
2026-07-11,Channel pages,0
2026-07-12,Channel pages,0
2026-07-13,Channel pages,0
2026-07-14,Channel pages,0
2026-07-15,Channel pages,0
2026-07-16,Channel pages,0
2026-07-17,Channel pages,0
2026-07-18,Channel pages,0
2026-07-19,Channel pages,0
2026-07-20,Channel pages,0
2026-07-21,Channel pages,0
2026-07-22,Channel pages,0
2026-07-23,Channel pages,0
2026-07-24,Channel pages,0
2026-07-25,Channel pages,0
2026-07-26,Channel pages,0
2026-07-27,Channel pages,0
2026-07-28,Channel pages,0
2026-07-29,Channel pages,0
2026-07-30,Channel pages,0
2026-07-31,Channel pages,0
2026-08-01,Channel pages,0
2026-08-02,Channel pages,0
2026-08-03,Channel pages,0
2026-08-04,Channel pages,0
2026-08-05,Channel pages,0
2026-08-06,Channel pages,0
2026-08-07,Channel pages,0
2026-08-08,Channel pages,4
2026-08-09,Channel pages,3
2026-08-10,Channel pages,1
2026-08-11,Channel pages,2
2026-08-12,Channel pages,0
2026-08-13,Channel pages,0
2026-08-14,Channel pages,0
2026-08-15,Channel pages,6
2026-08-16,Channel pages,4
2026-08-17,Channel pages,4
2026-08-18,Channel pages,2
2026-08-19,Channel pages,5
2026-08-20,Channel pages,8
2026-08-21,Channel pages,0
2026-08-22,Channel pages,1
2026-08-23,Channel pages,0
2026-08-24,Channel pages,0
2026-08-25,Channel pages,0
2026-08-26,Channel pages,0
2026-08-27,Channel pages,0
2026-08-28,Channel pages,0
2026-08-29,Channel pages,0
2026-08-30,Channel pages,0
2026-08-31,Channel pages,1
2026-09-01,Channel pages,0
2026-09-02,Channel pages,0
2026-09-03,Channel pages,0
2026-09-04,Channel pages,0
2026-09-05,Channel pages,1
2026-09-06,Channel pages,0
2026-09-07,Channel pages,0
2026-09-08,Channel pages,0
2026-09-09,Channel pages,0
2026-09-10,Channel pages,0
2026-09-11,Channel pages,0
2026-09-12,Channel pages,0
2026-09-13,Channel pages,0
2026-09-14,Channel pages,0
2026-09-15,Channel pages,0
2026-09-16,Channel pages,0
2026-09-17,Channel pages,0
2026-09-18,Channel pages,0
2026-09-19,Channel pages,1
2026-09-20,Channel pages,1
2026-09-21,Channel pages,1
2026-09-22,Channel pages,0
2026-09-23,Channel pages,0
2026-09-24,Channel pages,0
2026-09-25,Channel pages,0
2026-09-26,Channel pages,4
2026-09-27,Channel pages,1
2026-06-30,YouTube search,0
2026-07-01,YouTube search,0
2026-07-02,YouTube search,0
2026-07-03,YouTube search,0
2026-07-04,YouTube search,0
2026-07-05,YouTube search,0
2026-07-06,YouTube search,0
2026-07-07,YouTube search,0
2026-07-08,YouTube search,0
2026-07-09,YouTube search,0
2026-07-10,YouTube search,0
2026-07-11,YouTube search,0
2026-07-12,YouTube search,0
2026-07-13,YouTube search,0
2026-07-14,YouTube search,0
2026-07-15,YouTube search,0
2026-07-16,YouTube search,0
2026-07-17,YouTube search,0
2026-07-18,YouTube search,0
2026-07-19,YouTube search,0
2026-07-20,YouTube search,0
2026-07-21,YouTube search,0
2026-07-22,YouTube search,0
2026-07-23,YouTube search,0
2026-07-24,YouTube search,0
2026-07-25,YouTube search,0
2026-07-26,YouTube search,0
2026-07-27,YouTube search,0
2026-07-28,YouTube search,0
2026-07-29,YouTube search,0
2026-07-30,YouTube search,0
2026-07-31,YouTube search,0
2026-08-01,YouTube search,0
2026-08-02,YouTube search,0
2026-08-03,YouTube search,0
2026-08-04,YouTube search,0
2026-08-05,YouTube search,0
2026-08-06,YouTube search,0
2026-08-07,YouTube search,0
2026-08-08,YouTube search,1
2026-08-09,YouTube search,1
2026-08-10,YouTube search,0
2026-08-11,YouTube search,0
2026-08-12,YouTube search,0
2026-08-13,YouTube search,0
2026-08-14,YouTube search,0
2026-08-15,YouTube search,1
2026-08-16,YouTube search,0
2026-08-17,YouTube search,0
2026-08-18,YouTube search,1
2026-08-19,YouTube search,0
2026-08-20,YouTube search,0
2026-08-21,YouTube search,1
2026-08-22,YouTube search,0
2026-08-23,YouTube search,0
2026-08-24,YouTube search,0
2026-08-25,YouTube search,0
2026-08-26,YouTube search,0
2026-08-27,YouTube search,0
2026-08-28,YouTube search,0
2026-08-29,YouTube search,1
2026-08-30,YouTube search,0
2026-08-31,YouTube search,0
2026-09-01,YouTube search,1
2026-09-02,YouTube search,0
2026-09-03,YouTube search,0
2026-09-04,YouTube search,0
2026-09-05,YouTube search,1
2026-09-06,YouTube search,0
2026-09-07,YouTube search,0
2026-09-08,YouTube search,0
2026-09-09,YouTube search,0
2026-09-10,YouTube search,0
2026-09-11,YouTube search,0
2026-09-12,YouTube search,0
2026-09-13,YouTube search,1
2026-09-14,YouTube search,0
2026-09-15,YouTube search,0
2026-09-16,YouTube search,0
2026-09-17,YouTube search,0
2026-09-18,YouTube search,0
2026-09-19,YouTube search,0
2026-09-20,YouTube search,0
2026-09-21,YouTube search,0
2026-09-22,YouTube search,0
2026-09-23,YouTube search,1
2026-09-24,YouTube search,0
2026-09-25,YouTube search,0
2026-09-26,YouTube search,0
2026-09-27,YouTube search,0
2026-06-30,Suggested videos,0
2026-07-01,Suggested videos,0
2026-07-02,Suggested videos,0
2026-07-03,Suggested videos,0
2026-07-04,Suggested videos,0
2026-07-05,Suggested videos,0
2026-07-06,Suggested videos,0
2026-07-07,Suggested videos,0
2026-07-08,Suggested videos,0
2026-07-09,Suggested videos,0
2026-07-10,Suggested videos,0
2026-07-11,Suggested videos,0
2026-07-12,Suggested videos,0
2026-07-13,Suggested videos,0
2026-07-14,Suggested videos,0
2026-07-15,Suggested videos,0
2026-07-16,Suggested videos,0
2026-07-17,Suggested videos,0
2026-07-18,Suggested videos,0
2026-07-19,Suggested videos,0
2026-07-20,Suggested videos,0
2026-07-21,Suggested videos,0
2026-07-22,Suggested videos,0
2026-07-23,Suggested videos,0
2026-07-24,Suggested videos,0
2026-07-25,Suggested videos,0
2026-07-26,Suggested videos,0
2026-07-27,Suggested videos,0
2026-07-28,Suggested videos,0
2026-07-29,Suggested videos,0
2026-07-30,Suggested videos,0
2026-07-31,Suggested videos,0
2026-08-01,Suggested videos,0
2026-08-02,Suggested videos,0
2026-08-03,Suggested videos,0
2026-08-04,Suggested videos,0
2026-08-05,Suggested videos,0
2026-08-06,Suggested videos,0
2026-08-07,Suggested videos,0
2026-08-08,Suggested videos,10
2026-08-09,Suggested videos,128
2026-08-10,Suggested videos,7
2026-08-11,Suggested videos,4
2026-08-12,Suggested videos,0
2026-08-13,Suggested videos,0
2026-08-14,Suggested videos,5
2026-08-15,Suggested videos,173
2026-08-16,Suggested videos,77
2026-08-17,Suggested videos,96
2026-08-18,Suggested videos,32
2026-08-19,Suggested videos,26
2026-08-20,Suggested videos,20
2026-08-21,Suggested videos,11
2026-08-22,Suggested videos,11
2026-08-23,Suggested videos,4
2026-08-24,Suggested videos,5
2026-08-25,Suggested videos,3
2026-08-26,Suggested videos,6
2026-08-27,Suggested videos,7
2026-08-28,Suggested videos,10
2026-08-29,Suggested videos,13
2026-08-30,Suggested videos,83
2026-08-31,Suggested videos,7
2026-09-01,Suggested videos,0
2026-09-02,Suggested videos,6
2026-09-03,Suggested videos,3
2026-09-04,Suggested videos,0
2026-09-05,Suggested videos,42
2026-09-06,Suggested videos,19
2026-09-07,Suggested videos,6
2026-09-08,Suggested videos,6
2026-09-09,Suggested videos,4
2026-09-10,Suggested videos,4
2026-09-11,Suggested videos,6
2026-09-12,Suggested videos,1
2026-09-13,Suggested videos,2
2026-09-14,Suggested videos,5
2026-09-15,Suggested videos,0
2026-09-16,Suggested videos,4
2026-09-17,Suggested videos,14
2026-09-18,Suggested videos,6
2026-09-19,Suggested videos,5
2026-09-20,Suggested videos,26
2026-09-21,Suggested videos,12
2026-09-22,Suggested videos,8
2026-09-23,Suggested videos,4
2026-09-24,Suggested videos,7
2026-09-25,Suggested videos,3
2026-09-26,Suggested videos,41
2026-09-27,Suggested videos,78
2026-06-30,Other YouTube features,0
2026-07-01,Other YouTube features,0
2026-07-02,Other YouTube features,0
2026-07-03,Other YouTube features,0
2026-07-04,Other YouTube features,0
2026-07-05,Other YouTube features,0
2026-07-06,Other YouTube features,0
2026-07-07,Other YouTube features,0
2026-07-08,Other YouTube features,0
2026-07-09,Other YouTube features,0
2026-07-10,Other YouTube features,0
2026-07-11,Other YouTube features,0
2026-07-12,Other YouTube features,0
2026-07-13,Other YouTube features,0
2026-07-14,Other YouTube features,0
2026-07-15,Other YouTube features,0
2026-07-16,Other YouTube features,0
2026-07-17,Other YouTube features,0
2026-07-18,Other YouTube features,0
2026-07-19,Other YouTube features,0
2026-07-20,Other YouTube features,0
2026-07-21,Other YouTube features,0
2026-07-22,Other YouTube features,0
2026-07-23,Other YouTube features,0
2026-07-24,Other YouTube features,0
2026-07-25,Other YouTube features,0
2026-07-26,Other YouTube features,0
2026-07-27,Other YouTube features,0
2026-07-28,Other YouTube features,0
2026-07-29,Other YouTube features,0
2026-07-30,Other YouTube features,0
2026-07-31,Other YouTube features,0
2026-08-01,Other YouTube features,0
2026-08-02,Other YouTube features,0
2026-08-03,Other YouTube features,0
2026-08-04,Other YouTube features,0
2026-08-05,Other YouTube features,0
2026-08-06,Other YouTube features,0
2026-08-07,Other YouTube features,0
2026-08-08,Other YouTube features,0
2026-08-09,Other YouTube features,0
2026-08-10,Other YouTube features,1
2026-08-11,Other YouTube features,0
2026-08-12,Other YouTube features,1
2026-08-13,Other YouTube features,0
2026-08-14,Other YouTube features,0
2026-08-15,Other YouTube features,1
2026-08-16,Other YouTube features,3
2026-08-17,Other YouTube features,1
2026-08-18,Other YouTube features,1
2026-08-19,Other YouTube features,3
2026-08-20,Other YouTube features,1
2026-08-21,Other YouTube features,0
2026-08-22,Other YouTube features,0
2026-08-23,Other YouTube features,1
2026-08-24,Other YouTube features,0
2026-08-25,Other YouTube features,0
2026-08-26,Other YouTube features,0
2026-08-27,Other YouTube features,1
2026-08-28,Other YouTube features,0
2026-08-29,Other YouTube features,0
2026-08-30,Other YouTube features,5
2026-08-31,Other YouTube features,0
2026-09-01,Other YouTube features,0
2026-09-02,Other YouTube features,0
2026-09-03,Other YouTube features,0
2026-09-04,Other YouTube features,0
2026-09-05,Other YouTube features,2
2026-09-06,Other YouTube features,0
2026-09-07,Other YouTube features,0
2026-09-08,Other YouTube features,0
2026-09-09,Other YouTube features,0
2026-09-10,Other YouTube features,0
2026-09-11,Other YouTube features,0
2026-09-12,Other YouTube features,0
2026-09-13,Other YouTube features,0
2026-09-14,Other YouTube features,0
2026-09-15,Other YouTube features,0
2026-09-16,Other YouTube features,0
2026-09-17,Other YouTube features,0
2026-09-18,Other YouTube features,0
2026-09-19,Other YouTube features,0
2026-09-20,Other YouTube features,0
2026-09-21,Other YouTube features,2
2026-09-22,Other YouTube features,3
2026-09-23,Other YouTube features,0
2026-09-24,Other YouTube features,0
2026-09-25,Other YouTube features,0
2026-09-26,Other YouTube features,0
2026-09-27,Other YouTube features,1
2026-06-30,External,0
2026-07-01,External,0
2026-07-02,External,0
2026-07-03,External,0
2026-07-04,External,0
2026-07-05,External,0
2026-07-06,External,0
2026-07-07,External,0
2026-07-08,External,0
2026-07-09,External,0
2026-07-10,External,0
2026-07-11,External,0
2026-07-12,External,0
2026-07-13,External,0
2026-07-14,External,0
2026-07-15,External,0
2026-07-16,External,0
2026-07-17,External,0
2026-07-18,External,0
2026-07-19,External,0
2026-07-20,External,0
2026-07-21,External,0
2026-07-22,External,0
2026-07-23,External,0
2026-07-24,External,0
2026-07-25,External,0
2026-07-26,External,0
2026-07-27,External,0
2026-07-28,External,0
2026-07-29,External,0
2026-07-30,External,0
2026-07-31,External,0
2026-08-01,External,0
2026-08-02,External,0
2026-08-03,External,0
2026-08-04,External,0
2026-08-05,External,0
2026-08-06,External,0
2026-08-07,External,0
2026-08-08,External,0
2026-08-09,External,0
2026-08-10,External,0
2026-08-11,External,0
2026-08-12,External,0
2026-08-13,External,0
2026-08-14,External,0
2026-08-15,External,1
2026-08-16,External,1
2026-08-17,External,2
2026-08-18,External,2
2026-08-19,External,1
2026-08-20,External,1
2026-08-21,External,0
2026-08-22,External,0
2026-08-23,External,0
2026-08-24,External,0
2026-08-25,External,0
2026-08-26,External,0
2026-08-27,External,0
2026-08-28,External,0
2026-08-29,External,0
2026-08-30,External,0
2026-08-31,External,0
2026-09-01,External,0
2026-09-02,External,0
2026-09-03,External,0
2026-09-04,External,0
2026-09-05,External,0
2026-09-06,External,0
2026-09-07,External,1
2026-09-08,External,0
2026-09-09,External,0
2026-09-10,External,0
2026-09-11,External,1
2026-09-12,External,0
2026-09-13,External,0
2026-09-14,External,0
2026-09-15,External,0
2026-09-16,External,0
2026-09-17,External,0
2026-09-18,External,0
2026-09-19,External,0
2026-09-20,External,0
2026-09-21,External,0
2026-09-22,External,0
2026-09-23,External,0
2026-09-24,External,0
2026-09-25,External,0
2026-09-26,External,0
2026-09-27,External,0
2026-06-30,Playlists,0
2026-07-01,Playlists,0
2026-07-02,Playlists,0
2026-07-03,Playlists,0
2026-07-04,Playlists,0
2026-07-05,Playlists,0
2026-07-06,Playlists,0
2026-07-07,Playlists,0
2026-07-08,Playlists,0
2026-07-09,Playlists,0
2026-07-10,Playlists,0
2026-07-11,Playlists,0
2026-07-12,Playlists,0
2026-07-13,Playlists,0
2026-07-14,Playlists,0
2026-07-15,Playlists,0
2026-07-16,Playlists,0
2026-07-17,Playlists,0
2026-07-18,Playlists,0
2026-07-19,Playlists,0
2026-07-20,Playlists,0
2026-07-21,Playlists,0
2026-07-22,Playlists,0
2026-07-23,Playlists,0
2026-07-24,Playlists,0
2026-07-25,Playlists,0
2026-07-26,Playlists,0
2026-07-27,Playlists,0
2026-07-28,Playlists,0
2026-07-29,Playlists,0
2026-07-30,Playlists,0
2026-07-31,Playlists,0
2026-08-01,Playlists,0
2026-08-02,Playlists,0
2026-08-03,Playlists,0
2026-08-04,Playlists,0
2026-08-05,Playlists,0
2026-08-06,Playlists,0
2026-08-07,Playlists,0
2026-08-08,Playlists,0
2026-08-09,Playlists,1
2026-08-10,Playlists,0
2026-08-11,Playlists,1
2026-08-12,Playlists,0
2026-08-13,Playlists,0
2026-08-14,Playlists,0
2026-08-15,Playlists,1
2026-08-16,Playlists,0
2026-08-17,Playlists,0
2026-08-18,Playlists,0
2026-08-19,Playlists,1
2026-08-20,Playlists,0
2026-08-21,Playlists,0
2026-08-22,Playlists,0
2026-08-23,Playlists,0
2026-08-24,Playlists,0
2026-08-25,Playlists,0
2026-08-26,Playlists,0
2026-08-27,Playlists,0
2026-08-28,Playlists,0
2026-08-29,Playlists,1
2026-08-30,Playlists,0
2026-08-31,Playlists,2
2026-09-01,Playlists,0
2026-09-02,Playlists,0
2026-09-03,Playlists,0
2026-09-04,Playlists,0
2026-09-05,Playlists,0
2026-09-06,Playlists,0
2026-09-07,Playlists,0
2026-09-08,Playlists,0
2026-09-09,Playlists,0
2026-09-10,Playlists,0
2026-09-11,Playlists,0
2026-09-12,Playlists,0
2026-09-13,Playlists,0
2026-09-14,Playlists,0
2026-09-15,Playlists,0
2026-09-16,Playlists,0
2026-09-17,Playlists,0
2026-09-18,Playlists,0
2026-09-19,Playlists,0
2026-09-20,Playlists,0
2026-09-21,Playlists,0
2026-09-22,Playlists,1
2026-09-23,Playlists,1
2026-09-24,Playlists,0
2026-09-25,Playlists,0
2026-09-26,Playlists,0
2026-09-27,Playlists,1
2026-06-30,End screens,0
2026-07-01,End screens,0
2026-07-02,End screens,0
2026-07-03,End screens,0
2026-07-04,End screens,0
2026-07-05,End screens,0
2026-07-06,End screens,0
2026-07-07,End screens,0
2026-07-08,End screens,0
2026-07-09,End screens,0
2026-07-10,End screens,0
2026-07-11,End screens,0
2026-07-12,End screens,0
2026-07-13,End screens,0
2026-07-14,End screens,0
2026-07-15,End screens,0
2026-07-16,End screens,0
2026-07-17,End screens,0
2026-07-18,End screens,0
2026-07-19,End screens,0
2026-07-20,End screens,0
2026-07-21,End screens,0
2026-07-22,End screens,0
2026-07-23,End screens,0
2026-07-24,End screens,0
2026-07-25,End screens,0
2026-07-26,End screens,0
2026-07-27,End screens,0
2026-07-28,End screens,0
2026-07-29,End screens,0
2026-07-30,End screens,0
2026-07-31,End screens,0
2026-08-01,End screens,0
2026-08-02,End screens,0
2026-08-03,End screens,0
2026-08-04,End screens,0
2026-08-05,End screens,0
2026-08-06,End screens,0
2026-08-07,End screens,0
2026-08-08,End screens,0
2026-08-09,End screens,0
2026-08-10,End screens,0
2026-08-11,End screens,0
2026-08-12,End screens,0
2026-08-13,End screens,0
2026-08-14,End screens,0
2026-08-15,End screens,0
2026-08-16,End screens,0
2026-08-17,End screens,0
2026-08-18,End screens,0
2026-08-19,End screens,0
2026-08-20,End screens,0
2026-08-21,End screens,0
2026-08-22,End screens,0
2026-08-23,End screens,0
2026-08-24,End screens,0
2026-08-25,End screens,0
2026-08-26,End screens,0
2026-08-27,End screens,0
2026-08-28,End screens,0
2026-08-29,End screens,0
2026-08-30,End screens,0
2026-08-31,End screens,0
2026-09-01,End screens,0
2026-09-02,End screens,0
2026-09-03,End screens,0
2026-09-04,End screens,0
2026-09-05,End screens,0
2026-09-06,End screens,0
2026-09-07,End screens,0
2026-09-08,End screens,0
2026-09-09,End screens,0
2026-09-10,End screens,0
2026-09-11,End screens,0
2026-09-12,End screens,0
2026-09-13,End screens,0
2026-09-14,End screens,0
2026-09-15,End screens,0
2026-09-16,End screens,0
2026-09-17,End screens,0
2026-09-18,End screens,0
2026-09-19,End screens,0
2026-09-20,End screens,2
2026-09-21,End screens,0
2026-09-22,End screens,0
2026-09-23,End screens,0
2026-09-24,End screens,0
2026-09-25,End screens,0
2026-09-26,End screens,1
2026-09-27,End screens,0
