Traffic source,Thumbnail impressions,Thumbnail click-through rate (%),Views,Average view duration,Watch time (hours)
Total,74682,1.99,2831,0:03:12,103.6271
Browse features,19260,3.15,1629,0:03:13,41.2756
Suggested videos,54958,1.51,1050,0:03:15,55.3104
Channel pages,279,16.13,50,0:02:50,2.3697
Direct or unknown,,,42,0:02:16,1.5958
Other YouTube features,,,27,0:02:53,1.2537
External,,,10,0:00:56,0.1569
Playlists,83,3.61,10,0:05:28,0.9137
YouTube search,102,4.9,10,0:02:49,0.3348
End screens,,,3,0:08:19,0.4166
