Video position (%),Audience type,Absolute audience retention (%)
0,Organic,94.38
1,Organic,85.96
2,Organic,79.78
3,Organic,70.79
4,Organic,64.61
5,Organic,60.67
6,Organic,59.55
7,Organic,58.43
8,Organic,57.87
9,Organic,57.87
10,Organic,55.62
11,Organic,54.49
12,Organic,53.37
13,Organic,52.25
14,Organic,50
15,Organic,48.88
16,Organic,48.88
17,Organic,48.31
18,Organic,48.31
19,Organic,47.75
20,Organic,46.07
21,Organic,45.51
22,Organic,44.38
23,Organic,42.7
24,Organic,41.01
25,Organic,40.45
26,Organic,40.45
27,Organic,40.45
28,Organic,39.89
29,Organic,39.33
30,Organic,39.33
31,Organic,39.33
32,Organic,39.33
33,Organic,38.2
34,Organic,38.2
35,Organic,37.64
36,Organic,39.33
37,Organic,37.64
38,Organic,37.64
39,Organic,37.64
40,Organic,36.52
41,Organic,37.08
42,Organic,36.52
43,Organic,35.96
44,Organic,35.96
45,Organic,34.83
46,Organic,34.83
47,Organic,34.83
48,Organic,34.83
49,Organic,34.27
50,Organic,34.27
51,Organic,34.27
52,Organic,33.71
53,Organic,34.27
54,Organic,34.27
55,Organic,33.15
56,Organic,32.02
57,Organic,30.34
58,Organic,30.9
59,Organic,32.02
60,Organic,32.02
61,Organic,32.02
62,Organic,32.02
63,Organic,32.02
64,Organic,31.46
65,Organic,30.9
66,Organic,29.78
67,Organic,31.46
68,Organic,28.65
69,Organic,28.09
70,Organic,28.09
71,Organic,28.09
72,Organic,27.53
73,Organic,27.53
74,Organic,25.84
75,Organic,25.84
76,Organic,25.84
77,Organic,25.84
78,Organic,25.84
79,Organic,25.84
80,Organic,25.28
81,Organic,25.28
82,Organic,24.72
83,Organic,24.72
84,Organic,25.28
85,Organic,25.28
86,Organic,25.28
87,Organic,25.28
88,Organic,25.84
89,Organic,25.84
90,Organic,23.6
91,Organic,23.6
92,Organic,22.47
93,Organic,21.91
94,Organic,21.91
95,Organic,21.91
96,Organic,21.35
97,Organic,21.35
98,Organic,19.66
99,Organic,16.85
