Video position (%),Absolute audience retention (%),Compared to other videos (%)
0,94.38,-18.04
1,85.96,-8.99
2,79.78,-3.45
3,70.79,-1.35
4,64.61,0.52
5,60.67,2.18
6,59.55,3.72
7,58.43,5.88
8,57.87,8.47
9,57.87,10.59
10,55.62,11.54
11,54.49,11.2
12,53.37,9.57
13,52.25,6.49
14,50,2
15,48.88,-3.27
16,48.88,-8.44
17,48.31,-13.07
18,48.31,-17.19
19,47.75,-20.6
20,46.07,-23.66
21,45.51,-26.71
22,44.38,-28.82
23,42.7,-29.84
24,41.01,-30.53
25,40.45,-30.82
26,40.45,-30.21
27,40.45,-29.29
28,39.89,-28.14
29,39.33,-26.01
30,39.33,-23.15
31,39.33,-20.67
32,39.33,-18.03
33,38.2,-14.59
34,38.2,-10.53
35,37.64,-5.7
36,39.33,-0.39
37,37.64,4.34
38,37.64,7.95
39,37.64,11.08
40,36.52,14.07
41,37.08,15.66
42,36.52,14.02
43,35.96,8.42
44,35.96,0.11
45,34.83,-8.33
46,34.83,-14.64
47,34.83,-17.76
48,34.83,-17.59
49,34.27,-14.69
50,34.27,-10.3
51,34.27,-5.77
52,33.71,-1.78
53,34.27,1.34
54,34.27,2.65
55,33.15,1.34
56,32.02,-0.96
57,30.34,-0.45
58,30.9,4.55
59,32.02,11.22
60,32.02,16.03
61,32.02,17.85
62,32.02,17.07
63,32.02,14.35
64,31.46,10.94
65,30.9,8.82
66,29.78,8.5
67,31.46,7.8
68,28.65,4.49
69,28.09,-0.94
70,28.09,-6.18
71,28.09,-10.12
72,27.53,-13.93
73,27.53,-18.95
74,25.84,-24.53
75,25.84,-28.45
76,25.84,-28.96
77,25.84,-25.59
78,25.84,-19.19
79,25.84,-12.24
80,25.28,-8.04
81,25.28,-7.77
82,24.72,-8.9
83,24.72,-7.74
84,25.28,-3.28
85,25.28,2.75
86,25.28,8.83
87,25.28,14.56
88,25.84,19.1
89,25.84,21.02
90,23.6,19.02
91,23.6,12.32
92,22.47,0.96
93,21.91,-12.66
94,21.91,-24.28
95,21.91,-31.83
96,21.35,-36.3
97,21.35,-38.79
98,19.66,-40.15
99,16.85,-40.95
