Video position (%),Absolute audience retention (%)
0,94.38
1,85.96
2,79.78
3,70.79
4,64.61
5,60.67
6,59.55
7,58.43
8,57.87
9,57.87
10,55.62
11,54.49
12,53.37
13,52.25
14,50
15,48.88
16,48.88
17,48.31
18,48.31
19,47.75
20,46.07
21,45.51
22,44.38
23,42.7
24,41.01
25,40.45
26,40.45
27,40.45
28,39.89
29,39.33
30,39.33
31,39.33
32,39.33
33,38.2
34,38.2
35,37.64
36,39.33
37,37.64
38,37.64
39,37.64
40,36.52
41,37.08
42,36.52
43,35.96
44,35.96
45,34.83
46,34.83
47,34.83
48,34.83
49,34.27
50,34.27
51,34.27
52,33.71
53,34.27
54,34.27
55,33.15
56,32.02
57,30.34
58,30.9
59,32.02
60,32.02
61,32.02
62,32.02
63,32.02
64,31.46
65,30.9
66,29.78
67,31.46
68,28.65
69,28.09
70,28.09
71,28.09
72,27.53
73,27.53
74,25.84
75,25.84
76,25.84
77,25.84
78,25.84
79,25.84
80,25.28
81,25.28
82,24.72
83,24.72
84,25.28
85,25.28
86,25.28
87,25.28
88,25.84
89,25.84
90,23.6
91,23.6
92,22.47
93,21.91
94,21.91
95,21.91
96,21.35
97,21.35
98,19.66
99,16.85
