Video position (%),Audience by watch behavior,Absolute audience retention (%)
0,New viewers,94.29
1,New viewers,85.71
2,New viewers,79.43
3,New viewers,70.29
4,New viewers,64
5,New viewers,60
6,New viewers,58.86
7,New viewers,57.71
8,New viewers,57.14
9,New viewers,57.14
10,New viewers,54.86
11,New viewers,53.71
12,New viewers,52.57
13,New viewers,51.43
14,New viewers,49.14
15,New viewers,48
16,New viewers,48
17,New viewers,47.43
18,New viewers,47.43
19,New viewers,46.86
20,New viewers,45.14
21,New viewers,44.57
22,New viewers,43.43
23,New viewers,41.71
24,New viewers,40
25,New viewers,39.43
26,New viewers,39.43
27,New viewers,39.43
28,New viewers,38.86
29,New viewers,38.29
30,New viewers,38.29
31,New viewers,38.29
32,New viewers,38.29
33,New viewers,37.14
34,New viewers,37.14
35,New viewers,36.57
36,New viewers,38.29
37,New viewers,36.57
38,New viewers,36.57
39,New viewers,36.57
40,New viewers,35.43
41,New viewers,36
42,New viewers,35.43
43,New viewers,34.86
44,New viewers,34.86
45,New viewers,33.71
46,New viewers,33.71
47,New viewers,33.71
48,New viewers,33.71
49,New viewers,33.14
50,New viewers,33.14
51,New viewers,33.14
52,New viewers,32.57
53,New viewers,33.14
54,New viewers,33.14
55,New viewers,32
56,New viewers,30.86
57,New viewers,29.14
58,New viewers,29.71
59,New viewers,30.86
60,New viewers,30.86
61,New viewers,30.86
62,New viewers,30.86
63,New viewers,30.86
64,New viewers,30.29
65,New viewers,29.71
66,New viewers,28.57
67,New viewers,30.29
68,New viewers,27.43
69,New viewers,26.86
70,New viewers,26.86
71,New viewers,26.86
72,New viewers,26.29
73,New viewers,26.29
74,New viewers,24.57
75,New viewers,24.57
76,New viewers,24.57
77,New viewers,24.57
78,New viewers,24.57
79,New viewers,24.57
80,New viewers,24.57
81,New viewers,24.57
82,New viewers,24
83,New viewers,24
84,New viewers,24.57
85,New viewers,24.57
86,New viewers,24.57
87,New viewers,24.57
88,New viewers,25.14
89,New viewers,25.14
90,New viewers,22.86
91,New viewers,22.86
92,New viewers,21.71
93,New viewers,21.14
94,New viewers,21.14
95,New viewers,21.14
96,New viewers,20.57
97,New viewers,20.57
98,New viewers,18.86
99,New viewers,16
