Video position (%),New and Returning Viewers,Absolute audience retention (%)
0,New viewers,96.88
0,Returning viewers,72.22
1,New viewers,90
1,Returning viewers,50
2,New viewers,81.88
2,Returning viewers,61.11
3,New viewers,71.88
3,Returning viewers,61.11
4,New viewers,65
4,Returning viewers,61.11
5,New viewers,60.63
5,Returning viewers,61.11
6,New viewers,59.38
6,Returning viewers,61.11
7,New viewers,58.13
7,Returning viewers,61.11
8,New viewers,56.88
8,Returning viewers,66.67
9,New viewers,56.88
9,Returning viewers,66.67
10,New viewers,54.38
10,Returning viewers,66.67
11,New viewers,53.13
11,Returning viewers,66.67
12,New viewers,51.88
12,Returning viewers,66.67
13,New viewers,50.63
13,Returning viewers,66.67
14,New viewers,48.13
14,Returning viewers,66.67
15,New viewers,46.88
15,Returning viewers,66.67
16,New viewers,46.25
16,Returning viewers,72.22
17,New viewers,45.63
17,Returning viewers,72.22
18,New viewers,45.63
18,Returning viewers,72.22
19,New viewers,45
19,Returning viewers,72.22
20,New viewers,43.13
20,Returning viewers,72.22
21,New viewers,42.5
21,Returning viewers,72.22
22,New viewers,41.88
22,Returning viewers,66.67
23,New viewers,40
23,Returning viewers,66.67
24,New viewers,38.13
24,Returning viewers,66.67
25,New viewers,37.5
25,Returning viewers,66.67
26,New viewers,37.5
26,Returning viewers,66.67
27,New viewers,37.5
27,Returning viewers,66.67
28,New viewers,36.88
28,Returning viewers,66.67
29,New viewers,36.25
29,Returning viewers,66.67
30,New viewers,36.25
30,Returning viewers,66.67
31,New viewers,36.25
31,Returning viewers,66.67
32,New viewers,36.25
32,Returning viewers,66.67
33,New viewers,35
33,Returning viewers,66.67
34,New viewers,35
34,Returning viewers,66.67
35,New viewers,34.38
35,Returning viewers,66.67
36,New viewers,35
36,Returning viewers,77.78
37,New viewers,33.13
37,Returning viewers,77.78
38,New viewers,32.5
38,Returning viewers,83.33
39,New viewers,32.5
39,Returning viewers,83.33
40,New viewers,31.88
40,Returning viewers,77.78
41,New viewers,31.88
41,Returning viewers,83.33
42,New viewers,31.25
42,Returning viewers,83.33
43,New viewers,31.25
43,Returning viewers,77.78
44,New viewers,31.25
44,Returning viewers,77.78
45,New viewers,31.25
45,Returning viewers,66.67
46,New viewers,31.25
46,Returning viewers,66.67
47,New viewers,31.25
47,Returning viewers,66.67
48,New viewers,31.25
48,Returning viewers,66.67
49,New viewers,30.63
49,Returning viewers,66.67
50,New viewers,30.63
50,Returning viewers,66.67
51,New viewers,30.63
51,Returning viewers,66.67
52,New viewers,30
52,Returning viewers,66.67
53,New viewers,30.63
53,Returning viewers,66.67
54,New viewers,30.63
54,Returning viewers,66.67
55,New viewers,29.38
55,Returning viewers,66.67
56,New viewers,28.13
56,Returning viewers,66.67
57,New viewers,26.25
57,Returning viewers,66.67
58,New viewers,26.88
58,Returning viewers,66.67
59,New viewers,27.5
59,Returning viewers,72.22
60,New viewers,27.5
60,Returning viewers,72.22
61,New viewers,27.5
61,Returning viewers,72.22
62,New viewers,27.5
62,Returning viewers,72.22
63,New viewers,26.88
63,Returning viewers,77.78
64,New viewers,26.88
64,Returning viewers,72.22
65,New viewers,26.25
65,Returning viewers,72.22
66,New viewers,25.63
66,Returning viewers,66.67
67,New viewers,26.88
67,Returning viewers,72.22
68,New viewers,24.38
68,Returning viewers,66.67
69,New viewers,23.75
69,Returning viewers,66.67
70,New viewers,23.75
70,Returning viewers,66.67
71,New viewers,23.75
71,Returning viewers,66.67
72,New viewers,23.13
72,Returning viewers,66.67
73,New viewers,23.13
73,Returning viewers,66.67
74,New viewers,21.88
74,Returning viewers,61.11
75,New viewers,21.88
75,Returning viewers,61.11
76,New viewers,21.88
76,Returning viewers,61.11
77,New viewers,21.88
77,Returning viewers,61.11
78,New viewers,21.88
78,Returning viewers,61.11
79,New viewers,21.25
79,Returning viewers,66.67
80,New viewers,21.25
80,Returning viewers,61.11
81,New viewers,21.25
81,Returning viewers,61.11
82,New viewers,21.25
82,Returning viewers,55.56
83,New viewers,21.25
83,Returning viewers,55.56
84,New viewers,21.88
84,Returning viewers,55.56
85,New viewers,21.88
85,Returning viewers,55.56
86,New viewers,21.88
86,Returning viewers,55.56
87,New viewers,21.88
87,Returning viewers,55.56
88,New viewers,21.88
88,Returning viewers,61.11
89,New viewers,22.5
89,Returning viewers,55.56
90,New viewers,20
90,Returning viewers,55.56
91,New viewers,20
91,Returning viewers,55.56
92,New viewers,18.75
92,Returning viewers,55.56
93,New viewers,18.75
93,Returning viewers,50
94,New viewers,18.75
94,Returning viewers,50
95,New viewers,18.75
95,Returning viewers,50
96,New viewers,18.13
96,Returning viewers,50
97,New viewers,18.13
97,Returning viewers,50
98,New viewers,16.25
98,Returning viewers,50
99,New viewers,14.38
99,Returning viewers,38.89
