Video position (%),Subscription status,Absolute audience retention (%)
0,Not subscribed,94.38
1,Not subscribed,85.96
2,Not subscribed,79.78
3,Not subscribed,70.79
4,Not subscribed,64.61
5,Not subscribed,60.67
6,Not subscribed,59.55
7,Not subscribed,58.43
8,Not subscribed,57.87
9,Not subscribed,57.87
10,Not subscribed,55.62
11,Not subscribed,54.49
12,Not subscribed,53.37
13,Not subscribed,52.25
14,Not subscribed,50
15,Not subscribed,48.88
16,Not subscribed,48.88
17,Not subscribed,48.31
18,Not subscribed,48.31
19,Not subscribed,47.75
20,Not subscribed,46.07
21,Not subscribed,45.51
22,Not subscribed,44.38
23,Not subscribed,42.7
24,Not subscribed,41.01
25,Not subscribed,40.45
26,Not subscribed,40.45
27,Not subscribed,40.45
28,Not subscribed,39.89
29,Not subscribed,39.33
30,Not subscribed,39.33
31,Not subscribed,39.33
32,Not subscribed,39.33
33,Not subscribed,38.2
34,Not subscribed,38.2
35,Not subscribed,37.64
36,Not subscribed,39.33
37,Not subscribed,37.64
38,Not subscribed,37.64
39,Not subscribed,37.64
40,Not subscribed,36.52
41,Not subscribed,37.08
42,Not subscribed,36.52
43,Not subscribed,35.96
44,Not subscribed,35.96
45,Not subscribed,34.83
46,Not subscribed,34.83
47,Not subscribed,34.83
48,Not subscribed,34.83
49,Not subscribed,34.27
50,Not subscribed,34.27
51,Not subscribed,34.27
52,Not subscribed,33.71
53,Not subscribed,34.27
54,Not subscribed,34.27
55,Not subscribed,33.15
56,Not subscribed,32.02
57,Not subscribed,30.34
58,Not subscribed,30.9
59,Not subscribed,32.02
60,Not subscribed,32.02
61,Not subscribed,32.02
62,Not subscribed,32.02
63,Not subscribed,32.02
64,Not subscribed,31.46
65,Not subscribed,30.9
66,Not subscribed,29.78
67,Not subscribed,31.46
68,Not subscribed,28.65
69,Not subscribed,28.09
70,Not subscribed,28.09
71,Not subscribed,28.09
72,Not subscribed,27.53
73,Not subscribed,27.53
74,Not subscribed,25.84
75,Not subscribed,25.84
76,Not subscribed,25.84
77,Not subscribed,25.84
78,Not subscribed,25.84
79,Not subscribed,25.84
80,Not subscribed,25.28
81,Not subscribed,25.28
82,Not subscribed,24.72
83,Not subscribed,24.72
84,Not subscribed,25.28
85,Not subscribed,25.28
86,Not subscribed,25.28
87,Not subscribed,25.28
88,Not subscribed,25.84
89,Not subscribed,25.84
90,Not subscribed,23.6
91,Not subscribed,23.6
92,Not subscribed,22.47
93,Not subscribed,21.91
94,Not subscribed,21.91
95,Not subscribed,21.91
96,Not subscribed,21.35
97,Not subscribed,21.35
98,Not subscribed,19.66
99,Not subscribed,16.85
